-- MySQL dump 10.13  Distrib 5.7.32, for Win64 (x86_64)
--
-- Host: localhost    Database: blog
-- ------------------------------------------------------
-- Server version	5.7.32

/*!40101 SET @OLD_CHARACTER_SET_CLIENT=@@CHARACTER_SET_CLIENT */;
/*!40101 SET @OLD_CHARACTER_SET_RESULTS=@@CHARACTER_SET_RESULTS */;
/*!40101 SET @OLD_COLLATION_CONNECTION=@@COLLATION_CONNECTION */;
/*!40101 SET NAMES utf8 */;
/*!40103 SET @OLD_TIME_ZONE=@@TIME_ZONE */;
/*!40103 SET TIME_ZONE='+00:00' */;
/*!40014 SET @OLD_UNIQUE_CHECKS=@@UNIQUE_CHECKS, UNIQUE_CHECKS=0 */;
/*!40014 SET @OLD_FOREIGN_KEY_CHECKS=@@FOREIGN_KEY_CHECKS, FOREIGN_KEY_CHECKS=0 */;
/*!40101 SET @OLD_SQL_MODE=@@SQL_MODE, SQL_MODE='NO_AUTO_VALUE_ON_ZERO' */;
/*!40111 SET @OLD_SQL_NOTES=@@SQL_NOTES, SQL_NOTES=0 */;

--
-- Table structure for table `article`
--

DROP TABLE IF EXISTS `article`;
/*!40101 SET @saved_cs_client     = @@character_set_client */;
/*!40101 SET character_set_client = utf8 */;
CREATE TABLE `article` (
  `id` int(11) NOT NULL AUTO_INCREMENT COMMENT '编号',
  `title` varchar(255) COLLATE utf8_unicode_ci NOT NULL COMMENT '标题',
  `content` longtext COLLATE utf8_unicode_ci NOT NULL COMMENT '正文',
  `time` timestamp NOT NULL DEFAULT CURRENT_TIMESTAMP COMMENT '发表时间',
  `hot` tinyint(1) NOT NULL DEFAULT '0' COMMENT '0:非热门 1:热门',
  `hits` int(11) NOT NULL DEFAULT '0' COMMENT '点击量',
  `category_id` int(11) NOT NULL COMMENT '类目编号',
  `thumbnail` varchar(255) COLLATE utf8_unicode_ci DEFAULT NULL COMMENT '缩略图',
  `username` varchar(100) COLLATE utf8_unicode_ci NOT NULL,
  PRIMARY KEY (`id`),
  KEY `article_FK_1` (`category_id`),
  KEY `article_FK` (`username`),
  CONSTRAINT `article_FK` FOREIGN KEY (`username`) REFERENCES `user` (`username`) ON DELETE CASCADE ON UPDATE CASCADE,
  CONSTRAINT `article_FK_1` FOREIGN KEY (`category_id`) REFERENCES `category` (`id`)
) ENGINE=InnoDB AUTO_INCREMENT=39 DEFAULT CHARSET=utf8 COLLATE=utf8_unicode_ci COMMENT='文章表';
/*!40101 SET character_set_client = @saved_cs_client */;

--
-- Dumping data for table `article`
--

LOCK TABLES `article` WRITE;
/*!40000 ALTER TABLE `article` DISABLE KEYS */;
INSERT INTO `article` VALUES (1,'JavaScript','<ul class=\"markdown-toc-list\"><li><a class=\"toc-level-1\" href=\"#引入JavaScript\" level=\"1\">引入JavaScript</a><ul><li><a class=\"toc-level-2\" href=\"#什么是JavaScript\" level=\"2\">什么是JavaScript</a></li><li><a class=\"toc-level-2\" href=\"#JavaScript的组成部分\" level=\"2\">JavaScript的组成部分</a></li><li><a class=\"toc-level-2\" href=\"#在HTML页面中引入JavaScript\" level=\"2\">在HTML页面中引入JavaScript</a><ul><li><a class=\"toc-level-3\" href=\"#内部引入方式\" level=\"3\">内部引入方式</a></li><li><a class=\"toc-level-3\" href=\"#外部引入方式\" level=\"3\">外部引入方式</a></li><li><a class=\"toc-level-3\" href=\"#嵌入引入方式\" level=\"3\">嵌入引入方式</a></li></ul></li><li><a class=\"toc-level-2\" href=\"#向HTML页面输出内容\" level=\"2\">向HTML页面输出内容</a></li><li><a class=\"toc-level-2\" href=\"#显示警告提示框\" level=\"2\">显示警告提示框</a></li><li><a class=\"toc-level-2\" href=\"#JavaScript的运行原理\" level=\"2\">JavaScript的运行原理</a></li><li><a class=\"toc-level-2\" href=\"#注释\" level=\"2\">注释</a><ul><li><a class=\"toc-level-3\" href=\"#单行注释\" level=\"3\">单行注释</a></li><li><a class=\"toc-level-3\" href=\"#多行注释\" level=\"3\">多行注释</a></li></ul></li><li><a class=\"toc-level-2\" href=\"#指令结束符\" level=\"2\">指令结束符</a></li></ul></li><li><a class=\"toc-level-1\" href=\"#变量的声明、赋值和使用\" level=\"1\">变量的声明、赋值和使用</a><ul><li><a class=\"toc-level-2\" href=\"#变量名的命名规范\" level=\"2\">变量名的命名规范</a></li></ul></li><li><a class=\"toc-level-1\" href=\"#变量的数据类型\" level=\"1\">变量的数据类型</a><ul><li><a class=\"toc-level-2\" href=\"#查看某个变量或值的数据类型\" level=\"2\">查看某个变量或值的数据类型</a></li><li><a class=\"toc-level-2\" href=\"#undefined与null的区别\" level=\"2\">undefined与null的区别</a></li><li><a class=\"toc-level-2\" href=\"#判断变量是否为数值(number)类型\" level=\"2\">判断变量是否为数值(number)类型</a></li></ul></li><li><a class=\"toc-level-1\" href=\"#数据类型转换\" level=\"1\">数据类型转换</a><ul><li><a class=\"toc-level-2\" href=\"#变量的数据类型\" level=\"2\">变量的数据类型</a></li><li><a class=\"toc-level-2\" href=\"#隐式类型转换\" level=\"2\">隐式类型转换</a></li><li><a class=\"toc-level-2\" href=\"#强制类型转换\" level=\"2\">强制类型转换</a><ul><li><a class=\"toc-level-3\" href=\"#任意类型转number\" level=\"3\">任意类型转number</a></li><li><a class=\"toc-level-3\" href=\"#任意类型转string\" level=\"3\">任意类型转string</a></li></ul></li></ul></li><li><a class=\"toc-level-1\" href=\"#表达式与运算符\" level=\"1\">表达式与运算符</a><ul><li><a class=\"toc-level-2\" href=\"#什么是表达式\" level=\"2\">什么是表达式</a></li><li><a class=\"toc-level-2\" href=\"#运算符\" level=\"2\">运算符</a></li><li><a class=\"toc-level-2\" href=\"#算术运算的特殊结果NaN和Infinity\" level=\"2\">算术运算的特殊结果NaN和Infinity</a></li><li><a class=\"toc-level-2\" href=\"#== 与 === 的区别\" level=\"2\">== 与 === 的区别</a></li><li><a class=\"toc-level-2\" href=\"#逻辑运算符口诀\" level=\"2\">逻辑运算符口诀</a></li><li><a class=\"toc-level-2\" href=\"#不同类型之间的加法运算\" level=\"2\">不同类型之间的加法运算</a></li><li><a class=\"toc-level-2\" href=\"#三元运算符\" level=\"2\">三元运算符</a></li><li><a class=\"toc-level-2\" href=\"#运算符优先级\" level=\"2\">运算符优先级</a></li></ul></li><li><a class=\"toc-level-1\" href=\"#逻辑控制语句\" level=\"1\">逻辑控制语句</a><ul><li><a class=\"toc-level-2\" href=\"#分支结构\" level=\"2\">分支结构</a><ul><li><a class=\"toc-level-3\" href=\"#if\" level=\"3\">if</a></li><li><a class=\"toc-level-3\" href=\"#switch\" level=\"3\">switch</a></li></ul></li><li><a class=\"toc-level-2\" href=\"#循环结构\" level=\"2\">循环结构</a><ul><li><a class=\"toc-level-3\" href=\"#for\" level=\"3\">for</a></li><li><a class=\"toc-level-3\" href=\"#for-in\" level=\"3\">for-in</a></li><li><a class=\"toc-level-3\" href=\"#while\" level=\"3\">while</a></li><li><a class=\"toc-level-3\" href=\"#do-while\" level=\"3\">do-while</a></li></ul></li><li><a class=\"toc-level-2\" href=\"#控制语句\" level=\"2\">控制语句</a><ul><li><a class=\"toc-level-3\" href=\"#break\" level=\"3\">break</a></li><li><a class=\"toc-level-3\" href=\"#continue\" level=\"3\">continue</a></li></ul></li></ul></li><li><a class=\"toc-level-1\" href=\"#数组\" level=\"1\">数组</a><ul><li><a class=\"toc-level-2\" href=\"#创建数组并给数组中的元素赋值\" level=\"2\">创建数组并给数组中的元素赋值</a><ul><li><a class=\"toc-level-3\" href=\"#方式1：声明后赋值\" level=\"3\">方式1：声明后赋值</a></li><li><a class=\"toc-level-3\" href=\"#方式2：声明并赋值\" level=\"3\">方式2：声明并赋值</a></li><li><a class=\"toc-level-3\" href=\"#方式3：简写形式\" level=\"3\">方式3：简写形式</a></li></ul></li><li><a class=\"toc-level-2\" href=\"#访问数组中的元素\" level=\"2\">访问数组中的元素</a><ul><li><a class=\"toc-level-3\" href=\"#方式一：访问单个元素\" level=\"3\">方式一：访问单个元素</a></li><li><a class=\"toc-level-3\" href=\"#方式二：通过for循环遍历\" level=\"3\">方式二：通过for循环遍历</a></li><li><a class=\"toc-level-3\" href=\"#方式三：通过for-in循环遍历\" level=\"3\">方式三：通过for-in循环遍历</a></li></ul></li><li><a class=\"toc-level-2\" href=\"#修改数组中的元素\" level=\"2\">修改数组中的元素</a></li><li><a class=\"toc-level-2\" href=\"#数组的常用方法和属性\" level=\"2\">数组的常用方法和属性</a><ul><li><a class=\"toc-level-3\" href=\"#length\" level=\"3\">length</a></li><li><a class=\"toc-level-3\" href=\"#join(分隔符)\" level=\"3\">join(分隔符)</a></li><li><a class=\"toc-level-3\" href=\"#sort()\" level=\"3\">sort()</a></li><li><a class=\"toc-level-3\" href=\"#push(x,…,x)\" level=\"3\">push(x,…,x)</a></li><li><a class=\"toc-level-3\" href=\"#pop()\" level=\"3\">pop()</a></li></ul></li><li><a class=\"toc-level-2\" href=\"#数组的长度为动态长度\" level=\"2\">数组的长度为动态长度</a></li></ul></li><li><a class=\"toc-level-1\" href=\"#自定义函数\" level=\"1\">自定义函数</a><ul><li><a class=\"toc-level-2\" href=\"#创建函数\" level=\"2\">创建函数</a><ul><li><a class=\"toc-level-3\" href=\"#无参无返回值\" level=\"3\">无参无返回值</a></li><li><a class=\"toc-level-3\" href=\"#有参无返回值\" level=\"3\">有参无返回值</a></li><li><a class=\"toc-level-3\" href=\"#无参有返回值\" level=\"3\">无参有返回值</a></li><li><a class=\"toc-level-3\" href=\"#有参有返回值\" level=\"3\">有参有返回值</a></li></ul></li><li><a class=\"toc-level-2\" href=\"#调用函数\" level=\"2\">调用函数</a><ul><li><a class=\"toc-level-3\" href=\"#在JS中调用\" level=\"3\">在JS中调用</a></li><li><a class=\"toc-level-3\" href=\"#在HTML标签中调用\" level=\"3\">在HTML标签中调用</a></li></ul></li><li><a class=\"toc-level-2\" href=\"#函数调用注意事项\" level=\"2\">函数调用注意事项</a></li><li><a class=\"toc-level-2\" href=\"#匿名函数创建与调用\" level=\"2\">匿名函数创建与调用</a></li></ul></li><li><a class=\"toc-level-1\" href=\"#常用事件\" level=\"1\">常用事件</a><ul><li><a class=\"toc-level-2\" href=\"#onload\" level=\"2\">onload</a></li><li><a class=\"toc-level-2\" href=\"#onclick\" level=\"2\">onclick</a></li><li><a class=\"toc-level-2\" href=\"#onmouseover，onmouseout，onmousedown\" level=\"2\">onmouseover，onmouseout，onmousedown</a></li><li><a class=\"toc-level-2\" href=\"#onkeydown\" level=\"2\">onkeydown</a></li><li><a class=\"toc-level-2\" href=\"#onchange\" level=\"2\">onchange</a></li><li><a class=\"toc-level-2\" href=\"#动态给元素绑定事件\" level=\"2\">动态给元素绑定事件</a></li></ul></li><li><a class=\"toc-level-1\" href=\"#window对象\" level=\"1\">window对象</a><ul><li><a class=\"toc-level-2\" href=\"#prompt(提示,默认值)\" level=\"2\">prompt(提示,默认值)</a></li><li><a class=\"toc-level-2\" href=\"#alert(信息)\" level=\"2\">alert(信息)</a></li><li><a class=\"toc-level-2\" href=\"#confirm(信息)\" level=\"2\">confirm(信息)</a></li><li><a class=\"toc-level-2\" href=\"#close()\" level=\"2\">close()</a></li><li><a class=\"toc-level-2\" href=\"#open(URL,窗口名,窗口特征，是否替换浏览历史中的当前条目)\" level=\"2\">open(URL,窗口名,窗口特征，是否替换浏览历史中的当前条目)</a></li><li><a class=\"toc-level-2\" href=\"#setTimeout(方法名,毫秒数,参数)\" level=\"2\">setTimeout(方法名,毫秒数,参数)</a></li><li><a class=\"toc-level-2\" href=\"#setInterval(方法名,毫秒数,参数),clearInterval()\" level=\"2\">setInterval(方法名,毫秒数,参数),clearInterval()</a></li></ul></li><li><a class=\"toc-level-1\" href=\"#history对象\" level=\"1\">history对象</a><ul><li><a class=\"toc-level-2\" href=\"#back()\" level=\"2\">back()</a></li><li><a class=\"toc-level-2\" href=\"#forward()\" level=\"2\">forward()</a></li><li><a class=\"toc-level-2\" href=\"#go(n)\" level=\"2\">go(n)</a></li></ul></li><li><a class=\"toc-level-1\" href=\"#location对象\" level=\"1\">location对象</a><ul><li><a class=\"toc-level-2\" href=\"#host\" level=\"2\">host</a></li><li><a class=\"toc-level-2\" href=\"#hostname\" level=\"2\">hostname</a></li><li><a class=\"toc-level-2\" href=\"#href\" level=\"2\">href</a></li><li><a class=\"toc-level-2\" href=\"#reload()\" level=\"2\">reload()</a></li><li><a class=\"toc-level-2\" href=\"#replace(URL地址)\" level=\"2\">replace(URL地址)</a></li><li><a class=\"toc-level-2\" href=\"#replace()和location.href的区别\" level=\"2\">replace()和location.href的区别</a></li></ul></li><li><a class=\"toc-level-1\" href=\"#document对象\" level=\"1\">document对象</a><ul><li><a class=\"toc-level-2\" href=\"#referrer\" level=\"2\">referrer</a></li><li><a class=\"toc-level-2\" href=\"#URL\" level=\"2\">URL</a></li><li><a class=\"toc-level-2\" href=\"#document.URL与locathion.href的区别\" level=\"2\">document.URL与locathion.href的区别</a></li><li><a class=\"toc-level-2\" href=\"#getElementById(id值)\" level=\"2\">getElementById(id值)</a></li><li><a class=\"toc-level-2\" href=\"#getElementsByName(name值)\" level=\"2\">getElementsByName(name值)</a></li><li><a class=\"toc-level-2\" href=\"#getElementsByTagName(标签名)\" level=\"2\">getElementsByTagName(标签名)</a></li><li><a class=\"toc-level-2\" href=\"#getElementsByClassName(class值)\" level=\"2\">getElementsByClassName(class值)</a></li></ul></li><li><a class=\"toc-level-1\" href=\"#element对象\" level=\"1\">element对象</a><ul><li><a class=\"toc-level-2\" href=\"#常用节点信息属性\" level=\"2\">常用节点信息属性</a></li><li><a class=\"toc-level-2\" href=\"#常用节点对象属性\" level=\"2\">常用节点对象属性</a></li><li><a class=\"toc-level-2\" href=\"#解决获取节点元素对象的兼容性问题\" level=\"2\">解决获取节点元素对象的兼容性问题</a></li><li><a class=\"toc-level-2\" href=\"#操作节点的属性\" level=\"2\">操作节点的属性</a></li><li><a class=\"toc-level-2\" href=\"#创建、插入、删除和替换节点\" level=\"2\">创建、插入、删除和替换节点</a></li><li><a class=\"toc-level-2\" href=\"#className\" level=\"2\">className</a></li><li><a class=\"toc-level-2\" href=\"#获取元素的样式\" level=\"2\">获取元素的样式</a></li><li><a class=\"toc-level-2\" href=\"#元素位置属性\" level=\"2\">元素位置属性</a></li></ul></li><li><a class=\"toc-level-1\" href=\"#style对象\" level=\"1\">style对象</a><ul><li><a class=\"toc-level-2\" href=\"#获取某个元素的style对象\" level=\"2\">获取某个元素的style对象</a></li><li><a class=\"toc-level-2\" href=\"#操纵元素的style样式\" level=\"2\">操纵元素的style样式</a><ul><li><a class=\"toc-level-3\" href=\"#backgroundColor\" level=\"3\">backgroundColor</a></li><li><a class=\"toc-level-3\" href=\"#backgroundImage\" level=\"3\">backgroundImage</a></li><li><a class=\"toc-level-3\" href=\"#backgroundRepeat\" level=\"3\">backgroundRepeat</a></li><li><a class=\"toc-level-3\" href=\"#fontSize\" level=\"3\">fontSize</a></li><li><a class=\"toc-level-3\" href=\"#fontWeight\" level=\"3\">fontWeight</a></li><li><a class=\"toc-level-3\" href=\"#textAlign\" level=\"3\">textAlign</a></li><li><a class=\"toc-level-3\" href=\"#textDecoration\" level=\"3\">textDecoration</a></li><li><a class=\"toc-level-3\" href=\"#font\" level=\"3\">font</a></li><li><a class=\"toc-level-3\" href=\"#color\" level=\"3\">color</a></li><li><a class=\"toc-level-3\" href=\"#padding\" level=\"3\">padding</a></li><li><a class=\"toc-level-3\" href=\"#paddingTop，paddingBottom，paddingLeft，paddingRight\" level=\"3\">paddingTop，paddingBottom，paddingLeft，paddingRight</a></li><li><a class=\"toc-level-3\" href=\"#border\" level=\"3\">border</a></li><li><a class=\"toc-level-3\" href=\"#borderTop，borderBottom，borderLeft，borderRight\" level=\"3\">borderTop，borderBottom，borderLeft，borderRight</a></li></ul></li></ul></li><li><a class=\"toc-level-1\" href=\"#String对象\" level=\"1\">String对象</a><ul><li><a class=\"toc-level-2\" href=\"#length\" level=\"2\">length</a></li><li><a class=\"toc-level-2\" href=\"#indexOf(str,index)\" level=\"2\">indexOf(str,index)</a></li><li><a class=\"toc-level-2\" href=\"#charAt(index)\" level=\"2\">charAt(index)</a></li><li><a class=\"toc-level-2\" href=\"#toLowerCase()\" level=\"2\">toLowerCase()</a></li><li><a class=\"toc-level-2\" href=\"#toUpperCase()\" level=\"2\">toUpperCase()</a></li><li><a class=\"toc-level-2\" href=\"#substring(index1,index2)\" level=\"2\">substring(index1,index2)</a></li><li><a class=\"toc-level-2\" href=\"#split(str)\" level=\"2\">split(str)</a></li></ul></li><li><a class=\"toc-level-1\" href=\"#Date对象\" level=\"1\">Date对象</a><ul><li><a class=\"toc-level-2\" href=\"#创建Date对象\" level=\"2\">创建Date对象</a></li><li><a class=\"toc-level-2\" href=\"#getDate()\" level=\"2\">getDate()</a></li><li><a class=\"toc-level-2\" href=\"#getDay()\" level=\"2\">getDay()</a></li><li><a class=\"toc-level-2\" href=\"#getHours()\" level=\"2\">getHours()</a></li><li><a class=\"toc-level-2\" href=\"#getMinutes()\" level=\"2\">getMinutes()</a></li><li><a class=\"toc-level-2\" href=\"#getSeconds()\" level=\"2\">getSeconds()</a></li><li><a class=\"toc-level-2\" href=\"#getMonth()\" level=\"2\">getMonth()</a></li><li><a class=\"toc-level-2\" href=\"#getFullYear()\" level=\"2\">getFullYear()</a></li><li><a class=\"toc-level-2\" href=\"#getTime()\" level=\"2\">getTime()</a></li></ul></li><li><a class=\"toc-level-1\" href=\"#Math对象\" level=\"1\">Math对象</a><ul><li><a class=\"toc-level-2\" href=\"#Math.ceil()\" level=\"2\">Math.ceil()</a></li><li><a class=\"toc-level-2\" href=\"#Math.floor()\" level=\"2\">Math.floor()</a></li><li><a class=\"toc-level-2\" href=\"#Math.round()\" level=\"2\">Math.round()</a></li><li><a class=\"toc-level-2\" href=\"#Math.random()\" level=\"2\">Math.random()</a></li></ul></li><li><a class=\"toc-level-1\" href=\"#自定义对象\" level=\"1\">自定义对象</a><ul><li><a class=\"toc-level-2\" href=\"#创建对象\" level=\"2\">创建对象</a></li><li><a class=\"toc-level-2\" href=\"#instanceof\" level=\"2\">instanceof</a></li><li><a class=\"toc-level-2\" href=\"#constructor\" level=\"2\">constructor</a></li><li><a class=\"toc-level-2\" href=\"#对象的继承\" level=\"2\">对象的继承</a><ul><li><a class=\"toc-level-3\" href=\"#通过原型链实现继承\" level=\"3\">通过原型链实现继承</a></li><li><a class=\"toc-level-3\" href=\"#通过调用父类的构造方法实现继承\" level=\"3\">通过调用父类的构造方法实现继承</a></li><li><a class=\"toc-level-3\" href=\"#通过原型链和调用父类构造方法的混合模式实现继承\" level=\"3\">通过原型链和调用父类构造方法的混合模式实现继承</a></li></ul></li></ul></li><li><a class=\"toc-level-1\" href=\"#正则表达式\" level=\"1\">正则表达式</a><ul><li><a class=\"toc-level-2\" href=\"#创建正则表达式对象\" level=\"2\">创建正则表达式对象</a><ul><li><a class=\"toc-level-3\" href=\"#附加参数\" level=\"3\">附加参数</a></li></ul></li><li><a class=\"toc-level-2\" href=\"#匹配数据\" level=\"2\">匹配数据</a><ul><li><a class=\"toc-level-3\" href=\"#exec()\" level=\"3\">exec()</a></li><li><a class=\"toc-level-3\" href=\"#test()\" level=\"3\">test()</a></li></ul></li><li><a class=\"toc-level-2\" href=\"#正则表达式符号\" level=\"2\">正则表达式符号</a></li></ul></li><li><a class=\"toc-level-1\" href=\"#表单自定义错误信息\" level=\"1\">表单自定义错误信息</a><ul><li><a class=\"toc-level-2\" href=\"#获取validityState对象\" level=\"2\">获取validityState对象</a></li><li><a class=\"toc-level-2\" href=\"#validityState常用属性\" level=\"2\">validityState常用属性</a><ul><li><a class=\"toc-level-3\" href=\"#valueMissing\" level=\"3\">valueMissing</a></li><li><a class=\"toc-level-3\" href=\"#typeMismatch\" level=\"3\">typeMismatch</a></li><li><a class=\"toc-level-3\" href=\"#patternMismatch\" level=\"3\">patternMismatch</a></li><li><a class=\"toc-level-3\" href=\"#tooLong\" level=\"3\">tooLong</a></li><li><a class=\"toc-level-3\" href=\"#rangeUnderflow\" level=\"3\">rangeUnderflow</a></li><li><a class=\"toc-level-3\" href=\"#rangeOverflow\" level=\"3\">rangeOverflow</a></li><li><a class=\"toc-level-3\" href=\"#stepMismatch\" level=\"3\">stepMismatch</a></li><li><a class=\"toc-level-3\" href=\"#customError\" level=\"3\">customError</a><ul></ul></li></ul></li></ul></li></ul>','2022-05-14 01:58:57',0,100,1,'/test1/1.jpeg','admin'),(2,'CSS3','<ul class=\"markdown-toc-list\"><li><a class=\"toc-level-1\" href=\"#引入样式的方式\" level=\"1\">引入样式的方式</a></li><li><a class=\"toc-level-1\" href=\"#常用选择器\" level=\"1\">常用选择器</a><ul><li><a class=\"toc-level-2\" href=\"#基础选择器\" level=\"2\">基础选择器</a></li><li><a class=\"toc-level-2\" href=\"#复合选择器\" level=\"2\">复合选择器</a></li><li><a class=\"toc-level-2\" href=\"#属性选择器\" level=\"2\">属性选择器</a></li><li><a class=\"toc-level-2\" href=\"#伪类选择器\" level=\"2\">伪类选择器</a></li></ul></li><li><a class=\"toc-level-1\" href=\"#常用内容样式\" level=\"1\">常用内容样式</a><ul><li><a class=\"toc-level-2\" href=\"#文本\" level=\"2\">文本</a></li><li><a class=\"toc-level-2\" href=\"#盒子\" level=\"2\">盒子</a></li><li><a class=\"toc-level-2\" href=\"#背景\" level=\"2\">背景</a></li><li><a class=\"toc-level-2\" href=\"#列表\" level=\"2\">列表</a></li><li><a class=\"toc-level-2\" href=\"#表格\" level=\"2\">表格</a></li></ul></li><li><a class=\"toc-level-1\" href=\"#常用布局样式\" level=\"1\">常用布局样式</a><ul><li><a class=\"toc-level-2\" href=\"#边距\" level=\"2\">边距</a></li><li><a class=\"toc-level-2\" href=\"#浮动\" level=\"2\">浮动</a></li><li><a class=\"toc-level-2\" href=\"#定位\" level=\"2\">定位</a></li><li><a class=\"toc-level-2\" href=\"#动态盒子\" level=\"2\">动态盒子</a></li></ul></li><li><a class=\"toc-level-1\" href=\"#常用动画样式\" level=\"1\">常用动画样式</a><ul><li><a class=\"toc-level-2\" href=\"#变形\" level=\"2\">变形</a></li><li><a class=\"toc-level-2\" href=\"#过度\" level=\"2\">过度</a></li><li><a class=\"toc-level-2\" href=\"#自定义动画\" level=\"2\">自定义动画</a></li></ul></li><li><a class=\"toc-level-1\" href=\"#FAQ\" level=\"1\">FAQ</a><ul><li><a class=\"toc-level-2\" href=\"#如何解决样式表中的中文乱码\" level=\"2\">如何解决样式表中的中文乱码</a></li><li><a class=\"toc-level-2\" href=\"#如何让块级元素网页水平居中\" level=\"2\">如何让块级元素网页水平居中</a></li><li><a class=\"toc-level-2\" href=\"#如何让文本垂直居中\" level=\"2\">如何让文本垂直居中</a></li><li><a class=\"toc-level-2\" href=\"#取消图片下方的空白行\" level=\"2\">取消图片下方的空白行</a></li><li><a class=\"toc-level-2\" href=\"#图文混排时，图文如何垂直居中\" level=\"2\">图文混排时，图文如何垂直居中</a></li><li><a class=\"toc-level-2\" href=\"#隔行变色\" level=\"2\">隔行变色</a></li><li><a class=\"toc-level-2\" href=\"#元素块在页面居中（水平和垂直）\" level=\"2\">元素块在页面居中（水平和垂直）</a><ul></ul></li></ul></li></ul>','2022-05-17 00:48:42',0,169,1,'/test1/2.jpeg','admin'),(3,'HTML5','<ul class=\"markdown-toc-list\"><li><a class=\"toc-level-1\" href=\"#编辑器 VSCode\" level=\"1\">编辑器 VSCode</a><ul><li><a class=\"toc-level-2\" href=\"#常用插件\" level=\"2\">常用插件</a></li><li><a class=\"toc-level-2\" href=\"#常用快捷键\" level=\"2\">常用快捷键</a></li></ul></li><li><a class=\"toc-level-1\" href=\"#常用 HTML 标签\" level=\"1\">常用 HTML 标签</a><ul><li><a class=\"toc-level-2\" href=\"#基础结构标签\" level=\"2\">基础结构标签</a></li><li><a class=\"toc-level-2\" href=\"#文档标签\" level=\"2\">文档标签</a><ul><li><a class=\"toc-level-3\" href=\"#基础内容标签\" level=\"3\">基础内容标签</a></li><li><a class=\"toc-level-3\" href=\"#风格样式标签\" level=\"3\">风格样式标签</a></li><li><a class=\"toc-level-3\" href=\"#列表\" level=\"3\">列表</a></li><li><a class=\"toc-level-3\" href=\"#表格\" level=\"3\">表格</a></li><li><a class=\"toc-level-3\" href=\"#多媒体标签\" level=\"3\">多媒体标签</a></li><li><a class=\"toc-level-3\" href=\"#超链接\" level=\"3\">超链接</a></li></ul></li><li><a class=\"toc-level-2\" href=\"#分区元素\" level=\"2\">分区元素</a><ul><li><a class=\"toc-level-3\" href=\"#内联框架\" level=\"3\">内联框架</a></li><li><a class=\"toc-level-3\" href=\"#通用分区\" level=\"3\">通用分区</a></li><li><a class=\"toc-level-3\" href=\"#页面分区\" level=\"3\">页面分区</a></li><li><a class=\"toc-level-3\" href=\"#内容分区\" level=\"3\">内容分区</a></li></ul></li><li><a class=\"toc-level-2\" href=\"#模板标签\" level=\"2\">模板标签</a></li><li><a class=\"toc-level-2\" href=\"#表单标签\" level=\"2\">表单标签</a></li></ul></li><li><a class=\"toc-level-1\" href=\"#常用实体\" level=\"1\">常用实体</a></li><li><a class=\"toc-level-1\" href=\"#带默认风格的标签\" level=\"1\">带默认风格的标签</a></li><li><a class=\"toc-level-1\" href=\"#FAQ\" level=\"1\">FAQ</a><ul></ul></li></ul>','2022-05-14 06:37:52',0,247,1,'/test1/3.jpeg','admin'),(4,'PHP','<ul class=\"markdown-toc-list\"><li><a class=\"toc-level-1\" href=\"#PHP7 基础语法\" level=\"1\">PHP7 基础语法</a><ul><li><a class=\"toc-level-2\" href=\"#开发过程\" level=\"2\">开发过程</a></li><li><a class=\"toc-level-2\" href=\"#PHP文件\" level=\"2\">PHP文件</a></li><li><a class=\"toc-level-2\" href=\"#PHP标记\" level=\"2\">PHP标记</a></li><li><a class=\"toc-level-2\" href=\"#PHP指令分隔符\" level=\"2\">PHP指令分隔符</a></li><li><a class=\"toc-level-2\" href=\"#使用echo向网页中输出内容\" level=\"2\">使用echo向网页中输出内容</a></li><li><a class=\"toc-level-2\" href=\"#PHP注释\" level=\"2\">PHP注释</a></li></ul></li><li><a class=\"toc-level-1\" href=\"#PHP7 标量类型与NULL\" level=\"1\">PHP7 标量类型与NULL</a><ul><li><a class=\"toc-level-2\" href=\"#boolean（布尔型）\" level=\"2\">boolean（布尔型）</a></li><li><a class=\"toc-level-2\" href=\"#integer（整型）\" level=\"2\">integer（整型）</a></li><li><a class=\"toc-level-2\" href=\"#float（浮点型)\" level=\"2\">float（浮点型)</a></li><li><a class=\"toc-level-2\" href=\"#string（字符串）\" level=\"2\">string（字符串）</a></li><li><a class=\"toc-level-2\" href=\"#NULL类型\" level=\"2\">NULL类型</a></li></ul></li><li><a class=\"toc-level-1\" href=\"#PHP7 变量\" level=\"1\">PHP7 变量</a><ul><li><a class=\"toc-level-2\" href=\"#变量的命名规则\" level=\"2\">变量的命名规则</a></li><li><a class=\"toc-level-2\" href=\"#创建变量\" level=\"2\">创建变量</a></li><li><a class=\"toc-level-2\" href=\"#使用变量\" level=\"2\">使用变量</a></li><li><a class=\"toc-level-2\" href=\"#删除变量\" level=\"2\">删除变量</a></li><li><a class=\"toc-level-2\" href=\"#检测变量是否存在\" level=\"2\">检测变量是否存在</a></li><li><a class=\"toc-level-2\" href=\"#显示变量的类型及值\" level=\"2\">显示变量的类型及值</a></li><li><a class=\"toc-level-2\" href=\"#检测变量类型\" level=\"2\">检测变量类型</a></li><li><a class=\"toc-level-2\" href=\"#强制类型转换\" level=\"2\">强制类型转换</a></li><li><a class=\"toc-level-2\" href=\"#引用赋值和传值赋值\" level=\"2\">引用赋值和传值赋值</a></li></ul></li><li><a class=\"toc-level-1\" href=\"#PHP7 常量\" level=\"1\">PHP7 常量</a><ul><li><a class=\"toc-level-2\" href=\"#常量的定义与使用\" level=\"2\">常量的定义与使用</a></li><li><a class=\"toc-level-2\" href=\"#魔术常量\" level=\"2\">魔术常量</a></li></ul></li><li><a class=\"toc-level-1\" href=\"#PHP7 运算符\" level=\"1\">PHP7 运算符</a><ul><li><a class=\"toc-level-2\" href=\"#字符串运算符\" level=\"2\">字符串运算符</a></li><li><a class=\"toc-level-2\" href=\"#算术运算符\" level=\"2\">算术运算符</a></li><li><a class=\"toc-level-2\" href=\"#递增／递减运算符\" level=\"2\">递增／递减运算符</a></li><li><a class=\"toc-level-2\" href=\"#赋值运算符\" level=\"2\">赋值运算符</a></li><li><a class=\"toc-level-2\" href=\"#比较运算符\" level=\"2\">比较运算符</a></li><li><a class=\"toc-level-2\" href=\"#三元运算符\" level=\"2\">三元运算符</a></li><li><a class=\"toc-level-2\" href=\"#逻辑运算符\" level=\"2\">逻辑运算符</a></li></ul></li><li><a class=\"toc-level-1\" href=\"#PHP7 数组\" level=\"1\">PHP7 数组</a><ul><li><a class=\"toc-level-2\" href=\"#数组简介\" level=\"2\">数组简介</a></li><li><a class=\"toc-level-2\" href=\"#创建数组\" level=\"2\">创建数组</a></li><li><a class=\"toc-level-2\" href=\"#访问元素\" level=\"2\">访问元素</a></li><li><a class=\"toc-level-2\" href=\"#修改元素\" level=\"2\">修改元素</a></li><li><a class=\"toc-level-2\" href=\"#追加元素\" level=\"2\">追加元素</a></li><li><a class=\"toc-level-2\" href=\"#删除元素\" level=\"2\">删除元素</a></li><li><a class=\"toc-level-2\" href=\"#删除数组\" level=\"2\">删除数组</a></li></ul></li><li><a class=\"toc-level-1\" href=\"#PHP7 分支流程控制语句\" level=\"1\">PHP7 分支流程控制语句</a><ul><li><a class=\"toc-level-2\" href=\"#if\" level=\"2\">if</a></li><li><a class=\"toc-level-2\" href=\"#if-else\" level=\"2\">if-else</a></li><li><a class=\"toc-level-2\" href=\"#if-elseif-else / if-else if-else\" level=\"2\">if-elseif-else / if-else if-else</a></li><li><a class=\"toc-level-2\" href=\"#switch\" level=\"2\">switch</a></li></ul></li><li><a class=\"toc-level-1\" href=\"#PHP7 循环流程控制语句\" level=\"1\">PHP7 循环流程控制语句</a><ul><li><a class=\"toc-level-2\" href=\"#while\" level=\"2\">while</a></li><li><a class=\"toc-level-2\" href=\"#do-while\" level=\"2\">do-while</a></li><li><a class=\"toc-level-2\" href=\"#for\" level=\"2\">for</a></li><li><a class=\"toc-level-2\" href=\"#foreach\" level=\"2\">foreach</a></li></ul></li><li><a class=\"toc-level-1\" href=\"#PHP7 跳转流程控制语句\" level=\"1\">PHP7 跳转流程控制语句</a><ul><li><a class=\"toc-level-2\" href=\"#break\" level=\"2\">break</a></li><li><a class=\"toc-level-2\" href=\"#continue\" level=\"2\">continue</a></li><li><a class=\"toc-level-2\" href=\"#goto\" level=\"2\">goto</a></li></ul></li><li><a class=\"toc-level-1\" href=\"#PHP7 自定义函数\" level=\"1\">PHP7 自定义函数</a><ul><li><a class=\"toc-level-2\" href=\"#无参无返回值的函数\" level=\"2\">无参无返回值的函数</a></li><li><a class=\"toc-level-2\" href=\"#带参无返回值的函数\" level=\"2\">带参无返回值的函数</a></li><li><a class=\"toc-level-2\" href=\"#无参有返回值的函数\" level=\"2\">无参有返回值的函数</a></li><li><a class=\"toc-level-2\" href=\"#带参有返回值的函数\" level=\"2\">带参有返回值的函数</a></li><li><a class=\"toc-level-2\" href=\"#参数带默认值的函数\" level=\"2\">参数带默认值的函数</a></li><li><a class=\"toc-level-2\" href=\"#参数是严格类型的函数\" level=\"2\">参数是严格类型的函数</a></li><li><a class=\"toc-level-2\" href=\"#嵌套在函数内部的函数\" level=\"2\">嵌套在函数内部的函数</a></li><li><a class=\"toc-level-2\" href=\"#嵌套在条件结构内部的函数\" level=\"2\">嵌套在条件结构内部的函数</a></li><li><a class=\"toc-level-2\" href=\"#递归函数\" level=\"2\">递归函数</a></li><li><a class=\"toc-level-2\" href=\"#可变函数\" level=\"2\">可变函数</a></li><li><a class=\"toc-level-2\" href=\"#匿名函数\" level=\"2\">匿名函数</a></li><li><a class=\"toc-level-2\" href=\"#强制结束函数\" level=\"2\">强制结束函数</a></li></ul></li><li><a class=\"toc-level-1\" href=\"#PHP7 生成器\" level=\"1\">PHP7 生成器</a><ul><li><a class=\"toc-level-2\" href=\"#生成器的创建和使用\" level=\"2\">生成器的创建和使用</a></li></ul></li><li><a class=\"toc-level-1\" href=\"#PHP7 类与对象基础\" level=\"1\">PHP7 类与对象基础</a><ul><li><a class=\"toc-level-2\" href=\"#创建类\" level=\"2\">创建类</a></li><li><a class=\"toc-level-2\" href=\"#创建类对象\" level=\"2\">创建类对象</a></li><li><a class=\"toc-level-2\" href=\"#类成员\" level=\"2\">类成员</a><ul><li><a class=\"toc-level-3\" href=\"#添加类成员\" level=\"3\">添加类成员</a></li><li><a class=\"toc-level-3\" href=\"#类外访问类的属性\" level=\"3\">类外访问类的属性</a></li><li><a class=\"toc-level-3\" href=\"#类内访问类成员\" level=\"3\">类内访问类成员</a></li></ul></li></ul></li><li><a class=\"toc-level-1\" href=\"#PHP7 类的继承、抽象类和final\" level=\"1\">PHP7 类的继承、抽象类和final</a><ul><li><a class=\"toc-level-2\" href=\"#类的继承\" level=\"2\">类的继承</a></li><li><a class=\"toc-level-2\" href=\"#抽象类\" level=\"2\">抽象类</a></li><li><a class=\"toc-level-2\" href=\"#final\" level=\"2\">final</a></li></ul></li><li><a class=\"toc-level-1\" href=\"#PHP7 接口\" level=\"1\">PHP7 接口</a><ul><li><a class=\"toc-level-2\" href=\"#创建接口\" level=\"2\">创建接口</a></li><li><a class=\"toc-level-2\" href=\"#实现接口\" level=\"2\">实现接口</a></li></ul></li><li><a class=\"toc-level-1\" href=\"#PHP7 Trait\" level=\"1\">PHP7 Trait</a><ul><li><a class=\"toc-level-2\" href=\"#创建Trait\" level=\"2\">创建Trait</a></li><li><a class=\"toc-level-2\" href=\"#使用Trait\" level=\"2\">使用Trait</a></li></ul></li><li><a class=\"toc-level-1\" href=\"#PHP7 文件加载与类的自动加载\" level=\"1\">PHP7 文件加载与类的自动加载</a><ul><li><a class=\"toc-level-2\" href=\"#导入文件\" level=\"2\">导入文件</a><ul><li><a class=\"toc-level-3\" href=\"#include\" level=\"3\">include</a></li><li><a class=\"toc-level-3\" href=\"#include_once\" level=\"3\">include_once</a></li><li><a class=\"toc-level-3\" href=\"#require\" level=\"3\">require</a></li><li><a class=\"toc-level-3\" href=\"#require_once\" level=\"3\">require_once</a></li></ul></li><li><a class=\"toc-level-2\" href=\"#类的自动加载\" level=\"2\">类的自动加载</a></li></ul></li><li><a class=\"toc-level-1\" href=\"#PHP7 类的魔术方法\" level=\"1\">PHP7 类的魔术方法</a><ul><li><a class=\"toc-level-2\" href=\"#魔术方法与重载\" level=\"2\">魔术方法与重载</a></li><li><a class=\"toc-level-2\" href=\"#属性重载\" level=\"2\">属性重载</a></li><li><a class=\"toc-level-2\" href=\"#方法重载\" level=\"2\">方法重载</a></li></ul></li><li><a class=\"toc-level-1\" href=\"#PHP7 命名空间\" level=\"1\">PHP7 命名空间</a><ul><li><a class=\"toc-level-2\" href=\"#定义命名空间\" level=\"2\">定义命名空间</a></li><li><a class=\"toc-level-2\" href=\"#定义子命名空间\" level=\"2\">定义子命名空间</a></li><li><a class=\"toc-level-2\" href=\"#在同一个文件中定义多个命名空间\" level=\"2\">在同一个文件中定义多个命名空间</a></li><li><a class=\"toc-level-2\" href=\"#在命名空间内部访问全局类、函数和常量\" level=\"2\">在命名空间内部访问全局类、函数和常量</a></li><li><a class=\"toc-level-2\" href=\"#使用use操作符导入/使用别名\" level=\"2\">使用use操作符导入/使用别名</a></li><li><a class=\"toc-level-2\" href=\"#全局空间\" level=\"2\">全局空间</a></li></ul></li><li><a class=\"toc-level-1\" href=\"#PHP7 常用时间日期函数\" level=\"1\">PHP7 常用时间日期函数</a><ul><li><a class=\"toc-level-2\" href=\"#date\" level=\"2\">date</a></li><li><a class=\"toc-level-2\" href=\"#date_create\" level=\"2\">date_create</a></li><li><a class=\"toc-level-2\" href=\"#date_format\" level=\"2\">date_format</a></li><li><a class=\"toc-level-2\" href=\"#time\" level=\"2\">time</a></li><li><a class=\"toc-level-2\" href=\"#date_default_timezone_set\" level=\"2\">date_default_timezone_set</a></li><li><a class=\"toc-level-2\" href=\"#日期格式字串表\" level=\"2\">日期格式字串表</a></li></ul></li><li><a class=\"toc-level-1\" href=\"#PHP7 常用文件系统函数\" level=\"1\">PHP7 常用文件系统函数</a><ul><li><a class=\"toc-level-2\" href=\"#scandir\" level=\"2\">scandir</a></li><li><a class=\"toc-level-2\" href=\"#basename\" level=\"2\">basename</a></li><li><a class=\"toc-level-2\" href=\"#copy\" level=\"2\">copy</a></li><li><a class=\"toc-level-2\" href=\"#unlink\" level=\"2\">unlink</a></li><li><a class=\"toc-level-2\" href=\"#dirname\" level=\"2\">dirname</a></li><li><a class=\"toc-level-2\" href=\"#file_exists\" level=\"2\">file_exists</a></li><li><a class=\"toc-level-2\" href=\"#file_get_contents\" level=\"2\">file_get_contents</a></li><li><a class=\"toc-level-2\" href=\"#file_put_contents\" level=\"2\">file_put_contents</a></li><li><a class=\"toc-level-2\" href=\"#is_dir\" level=\"2\">is_dir</a></li><li><a class=\"toc-level-2\" href=\"#is_file\" level=\"2\">is_file</a></li><li><a class=\"toc-level-2\" href=\"#mkdir\" level=\"2\">mkdir</a></li><li><a class=\"toc-level-2\" href=\"#rmdir\" level=\"2\">rmdir</a></li><li><a class=\"toc-level-2\" href=\"#unlink\" level=\"2\">unlink</a></li></ul></li><li><a class=\"toc-level-1\" href=\"#PHP7 常用字符串函数\" level=\"1\">PHP7 常用字符串函数</a><ul><li><a class=\"toc-level-2\" href=\"#explode\" level=\"2\">explode</a></li><li><a class=\"toc-level-2\" href=\"#implode\" level=\"2\">implode</a></li><li><a class=\"toc-level-2\" href=\"#md5_file\" level=\"2\">md5_file</a></li><li><a class=\"toc-level-2\" href=\"#md5\" level=\"2\">md5</a></li><li><a class=\"toc-level-2\" href=\"#number_format\" level=\"2\">number_format</a></li><li><a class=\"toc-level-2\" href=\"#str_replace\" level=\"2\">str_replace</a></li><li><a class=\"toc-level-2\" href=\"#str_split\" level=\"2\">str_split</a></li><li><a class=\"toc-level-2\" href=\"#strip_tags\" level=\"2\">strip_tags</a></li><li><a class=\"toc-level-2\" href=\"#stripos\" level=\"2\">stripos</a></li><li><a class=\"toc-level-2\" href=\"#strlen\" level=\"2\">strlen</a></li><li><a class=\"toc-level-2\" href=\"#trim\" level=\"2\">trim</a></li><li><a class=\"toc-level-2\" href=\"#mb_convert_encoding\" level=\"2\">mb_convert_encoding</a></li><li><a class=\"toc-level-2\" href=\"#mb_substr\" level=\"2\">mb_substr</a></li></ul></li><li><a class=\"toc-level-1\" href=\"#PHP7 常用正则表达式函数\" level=\"1\">PHP7 常用正则表达式函数</a><ul><li><a class=\"toc-level-2\" href=\"#preg_filter/preg_replace\" level=\"2\">preg_filter/preg_replace</a></li><li><a class=\"toc-level-2\" href=\"#preg_match_all\" level=\"2\">preg_match_all</a></li><li><a class=\"toc-level-2\" href=\"#preg_match\" level=\"2\">preg_match</a></li><li><a class=\"toc-level-2\" href=\"#preg_split\" level=\"2\">preg_split</a></li></ul></li><li><a class=\"toc-level-1\" href=\"#PHP7 常用数组函数\" level=\"1\">PHP7 常用数组函数</a><ul><li><a class=\"toc-level-2\" href=\"#array_key_exists\" level=\"2\">array_key_exists</a></li><li><a class=\"toc-level-2\" href=\"#array_merge\" level=\"2\">array_merge</a></li><li><a class=\"toc-level-2\" href=\"#array_unique\" level=\"2\">array_unique</a></li><li><a class=\"toc-level-2\" href=\"#array_unshift\" level=\"2\">array_unshift</a></li><li><a class=\"toc-level-2\" href=\"#count\" level=\"2\">count</a></li><li><a class=\"toc-level-2\" href=\"#extract\" level=\"2\">extract</a></li><li><a class=\"toc-level-2\" href=\"#in_array\" level=\"2\">in_array</a></li><li><a class=\"toc-level-2\" href=\"#krsort\" level=\"2\">krsort</a></li><li><a class=\"toc-level-2\" href=\"#ksort\" level=\"2\">ksort</a></li><li><a class=\"toc-level-2\" href=\"#list\" level=\"2\">list</a></li><li><a class=\"toc-level-2\" href=\"#shuffle\" level=\"2\">shuffle</a></li><li><a class=\"toc-level-2\" href=\"#sort\" level=\"2\">sort</a></li></ul></li><li><a class=\"toc-level-1\" href=\"#PHP7 GD库\" level=\"1\">PHP7 GD库</a><ul><li><a class=\"toc-level-2\" href=\"#创建一张图片\" level=\"2\">创建一张图片</a></li><li><a class=\"toc-level-2\" href=\"#向图片中输出一行文字\" level=\"2\">向图片中输出一行文字</a></li><li><a class=\"toc-level-2\" href=\"#向图片中添加背景噪影\" level=\"2\">向图片中添加背景噪影</a></li></ul></li><li><a class=\"toc-level-1\" href=\"#PHP7 获取请求数据\" level=\"1\">PHP7 获取请求数据</a><ul><li><a class=\"toc-level-2\" href=\"#获取GET请求数据\" level=\"2\">获取GET请求数据</a></li><li><a class=\"toc-level-2\" href=\"#获取POST请求数据\" level=\"2\">获取POST请求数据</a></li></ul></li><li><a class=\"toc-level-1\" href=\"#PHP7 文件上传\" level=\"1\">PHP7 文件上传</a><ul><li><a class=\"toc-level-2\" href=\"#单文件上传\" level=\"2\">单文件上传</a></li><li><a class=\"toc-level-2\" href=\"#多文件上传\" level=\"2\">多文件上传</a></li></ul></li><li><a class=\"toc-level-1\" href=\"#PHP7 访问Mysql数据库\" level=\"1\">PHP7 访问Mysql数据库</a><ul><li><a class=\"toc-level-2\" href=\"#执行INSERT语句\" level=\"2\">执行INSERT语句</a></li><li><a class=\"toc-level-2\" href=\"#执行UPDATE语句\" level=\"2\">执行UPDATE语句</a></li><li><a class=\"toc-level-2\" href=\"#执行DELETE语句\" level=\"2\">执行DELETE语句</a></li><li><a class=\"toc-level-2\" href=\"#执行SELECT语句\" level=\"2\">执行SELECT语句</a></li></ul></li><li><a class=\"toc-level-1\" href=\"#PHP7 分页实现\" level=\"1\">PHP7 分页实现</a></li><li><a class=\"toc-level-1\" href=\"#PHP7 在页面上直接播放视频\" level=\"1\">PHP7 在页面上直接播放视频</a><ul></ul></li></ul>','2022-05-16 18:37:35',0,49,2,'/test1/4.jpeg','admin'),(5,'jQuery','<ul class=\"markdown-toc-list\"><li><a class=\"toc-level-1\" href=\"#引入jQuery\" level=\"1\">引入jQuery</a><ul><li><a class=\"toc-level-2\" href=\"#什么是jQuery\" level=\"2\">什么是jQuery</a></li><li><a class=\"toc-level-2\" href=\"#下载jQuery\" level=\"2\">下载jQuery</a></li><li><a class=\"toc-level-2\" href=\"#引入jQuery\" level=\"2\">引入jQuery</a></li><li><a class=\"toc-level-2\" href=\"#第一个jQuery程序\" level=\"2\">第一个jQuery程序</a></li><li><a class=\"toc-level-2\" href=\"#工厂函数$()\" level=\"2\">工厂函数$()</a></li><li><a class=\"toc-level-2\" href=\"#DOM对象与jQuery对象互相转换\" level=\"2\">DOM对象与jQuery对象互相转换</a><ul><li><a class=\"toc-level-3\" href=\"#DOM对象转为jQuery对象\" level=\"3\">DOM对象转为jQuery对象</a></li><li><a class=\"toc-level-3\" href=\"#jQuery对象转DOM对象\" level=\"3\">jQuery对象转DOM对象</a></li></ul></li></ul></li><li><a class=\"toc-level-1\" href=\"#选择器\" level=\"1\">选择器</a><ul><li><a class=\"toc-level-2\" href=\"#基本选择器\" level=\"2\">基本选择器</a><ul><li><a class=\"toc-level-3\" href=\"#标签选择器\" level=\"3\">标签选择器</a></li><li><a class=\"toc-level-3\" href=\"#类选择器\" level=\"3\">类选择器</a></li><li><a class=\"toc-level-3\" href=\"#ID选择器\" level=\"3\">ID选择器</a></li><li><a class=\"toc-level-3\" href=\"#并集选择器\" level=\"3\">并集选择器</a></li><li><a class=\"toc-level-3\" href=\"#交集选择器\" level=\"3\">交集选择器</a></li><li><a class=\"toc-level-3\" href=\"#全局选择器\" level=\"3\">全局选择器</a></li></ul></li><li><a class=\"toc-level-2\" href=\"#层次选择器\" level=\"2\">层次选择器</a><ul><li><a class=\"toc-level-3\" href=\"#后代选择器\" level=\"3\">后代选择器</a></li><li><a class=\"toc-level-3\" href=\"#子选择器\" level=\"3\">子选择器</a></li><li><a class=\"toc-level-3\" href=\"#相邻元素选择器\" level=\"3\">相邻元素选择器</a></li><li><a class=\"toc-level-3\" href=\"#同辈元素选择器\" level=\"3\">同辈元素选择器</a></li></ul></li><li><a class=\"toc-level-2\" href=\"#属性选择器\" level=\"2\">属性选择器</a><ul><li><a class=\"toc-level-3\" href=\"#选择包含某属性的元素\" level=\"3\">选择包含某属性的元素</a></li><li><a class=\"toc-level-3\" href=\"#选择属性值为特定值的元素\" level=\"3\">选择属性值为特定值的元素</a></li><li><a class=\"toc-level-3\" href=\"#选择属性值不为特定值的元素\" level=\"3\">选择属性值不为特定值的元素</a></li><li><a class=\"toc-level-3\" href=\"#选择属性值以特定值开始的元素\" level=\"3\">选择属性值以特定值开始的元素</a></li><li><a class=\"toc-level-3\" href=\"#选择属性值以特定值结尾的元素\" level=\"3\">选择属性值以特定值结尾的元素</a></li><li><a class=\"toc-level-3\" href=\"#选择属性值包含特定值的元素\" level=\"3\">选择属性值包含特定值的元素</a></li></ul></li><li><a class=\"toc-level-2\" href=\"#过滤选择器\" level=\"2\">过滤选择器</a><ul><li><a class=\"toc-level-3\" href=\"#:first\" level=\"3\">:first</a></li><li><a class=\"toc-level-3\" href=\"#:last\" level=\"3\">:last</a></li><li><a class=\"toc-level-3\" href=\"#:not(选择器)\" level=\"3\">:not(选择器)</a></li><li><a class=\"toc-level-3\" href=\"#:even\" level=\"3\">:even</a></li><li><a class=\"toc-level-3\" href=\"#:odd\" level=\"3\">:odd</a></li><li><a class=\"toc-level-3\" href=\"#:eq(index)\" level=\"3\">:eq(index)</a></li><li><a class=\"toc-level-3\" href=\"#:gt(index)\" level=\"3\">:gt(index)</a></li><li><a class=\"toc-level-3\" href=\"#:lt(index)\" level=\"3\">:lt(index)</a></li><li><a class=\"toc-level-3\" href=\"#:header\" level=\"3\">:header</a></li><li><a class=\"toc-level-3\" href=\"#:hidden\" level=\"3\">:hidden</a></li><li><a class=\"toc-level-3\" href=\"#:visible\" level=\"3\">:visible</a></li></ul></li><li><a class=\"toc-level-2\" href=\"#表单选择器\" level=\"2\">表单选择器</a><ul><li><a class=\"toc-level-3\" href=\"#:input\" level=\"3\">:input</a></li><li><a class=\"toc-level-3\" href=\"#:text\" level=\"3\">:text</a></li><li><a class=\"toc-level-3\" href=\"#:password\" level=\"3\">:password</a></li><li><a class=\"toc-level-3\" href=\"#:radio\" level=\"3\">:radio</a></li><li><a class=\"toc-level-3\" href=\"#:checkbox\" level=\"3\">:checkbox</a></li><li><a class=\"toc-level-3\" href=\"#:submit\" level=\"3\">:submit</a></li><li><a class=\"toc-level-3\" href=\"#:image\" level=\"3\">:image</a></li><li><a class=\"toc-level-3\" href=\"#:reset\" level=\"3\">:reset</a></li><li><a class=\"toc-level-3\" href=\"#:button\" level=\"3\">:button</a></li><li><a class=\"toc-level-3\" href=\"#:file\" level=\"3\">:file</a></li><li><a class=\"toc-level-3\" href=\"#:enabled\" level=\"3\">:enabled</a></li><li><a class=\"toc-level-3\" href=\"#:disabled\" level=\"3\">:disabled</a></li><li><a class=\"toc-level-3\" href=\"#:checked\" level=\"3\">:checked</a></li><li><a class=\"toc-level-3\" href=\"#:checked\" level=\"3\">:checked</a></li></ul></li></ul></li><li><a class=\"toc-level-1\" href=\"#动画函数\" level=\"1\">动画函数</a><ul><li><a class=\"toc-level-2\" href=\"#show()，hide()\" level=\"2\">show()，hide()</a></li><li><a class=\"toc-level-2\" href=\"#toggle()\" level=\"2\">toggle()</a></li><li><a class=\"toc-level-2\" href=\"#fadeIn()，fadeOut()\" level=\"2\">fadeIn()，fadeOut()</a></li><li><a class=\"toc-level-2\" href=\"#slideUp()，slideDown()\" level=\"2\">slideUp()，slideDown()</a></li><li><a class=\"toc-level-2\" href=\"#animate()\" level=\"2\">animate()</a></li></ul></li><li><a class=\"toc-level-1\" href=\"#常用事件函数\" level=\"1\">常用事件函数</a><ul><li><a class=\"toc-level-2\" href=\"#鼠标事件函数\" level=\"2\">鼠标事件函数</a><ul><li><a class=\"toc-level-3\" href=\"#click()\" level=\"3\">click()</a></li><li><a class=\"toc-level-3\" href=\"#mouseover()，mouseout()\" level=\"3\">mouseover()，mouseout()</a></li><li><a class=\"toc-level-3\" href=\"#mouseenter()，mouseleave()\" level=\"3\">mouseenter()，mouseleave()</a></li><li><a class=\"toc-level-3\" href=\"#hover()\" level=\"3\">hover()</a></li></ul></li><li><a class=\"toc-level-2\" href=\"#键盘事件函数\" level=\"2\">键盘事件函数</a><ul><li><a class=\"toc-level-3\" href=\"#keydown()，keyup()，keypress()\" level=\"3\">keydown()，keyup()，keypress()</a></li></ul></li><li><a class=\"toc-level-2\" href=\"#浏览器事件函数\" level=\"2\">浏览器事件函数</a><ul><li><a class=\"toc-level-3\" href=\"#resize()\" level=\"3\">resize()</a></li></ul></li><li><a class=\"toc-level-2\" href=\"#焦点事件\" level=\"2\">焦点事件</a><ul><li><a class=\"toc-level-3\" href=\"#blur()，focus()\" level=\"3\">blur()，focus()</a></li><li><a class=\"toc-level-3\" href=\"#select()\" level=\"3\">select()</a></li></ul></li></ul></li><li><a class=\"toc-level-1\" href=\"#事件的绑定与移除\" level=\"1\">事件的绑定与移除</a><ul><li><a class=\"toc-level-2\" href=\"#绑定事件：bind()\" level=\"2\">绑定事件：bind()</a><ul><li><a class=\"toc-level-3\" href=\"#绑定单个事件\" level=\"3\">绑定单个事件</a></li><li><a class=\"toc-level-3\" href=\"#绑定多个事件\" level=\"3\">绑定多个事件</a></li><li><a class=\"toc-level-3\" href=\"#event.data\" level=\"3\">event.data</a></li></ul></li><li><a class=\"toc-level-2\" href=\"#解除绑定事件：unbind()\" level=\"2\">解除绑定事件：unbind()</a><ul><li><a class=\"toc-level-3\" href=\"#解除绑定的所有事件\" level=\"3\">解除绑定的所有事件</a></li><li><a class=\"toc-level-3\" href=\"#解除绑定的指定事件\" level=\"3\">解除绑定的指定事件</a></li><li><a class=\"toc-level-3\" href=\"#解除绑定的指定事件的函数\" level=\"3\">解除绑定的指定事件的函数</a></li></ul></li></ul></li><li><a class=\"toc-level-1\" href=\"#操作DOM元素的样式\" level=\"1\">操作DOM元素的样式</a><ul><li><a class=\"toc-level-2\" href=\"#css()\" level=\"2\">css()</a></li><li><a class=\"toc-level-2\" href=\"#addClass()，removeClass()\" level=\"2\">addClass()，removeClass()</a></li><li><a class=\"toc-level-2\" href=\"#toggleClass()\" level=\"2\">toggleClass()</a></li><li><a class=\"toc-level-2\" href=\"#hasClass()\" level=\"2\">hasClass()</a></li><li><a class=\"toc-level-2\" href=\"#height()，width()\" level=\"2\">height()，width()</a></li><li><a class=\"toc-level-2\" href=\"#offset()\" level=\"2\">offset()</a></li><li><a class=\"toc-level-2\" href=\"#offsetParent()\" level=\"2\">offsetParent()</a></li><li><a class=\"toc-level-2\" href=\"#position()\" level=\"2\">position()</a></li><li><a class=\"toc-level-2\" href=\"#scrollLeft()，scrollTop()\" level=\"2\">scrollLeft()，scrollTop()</a></li></ul></li><li><a class=\"toc-level-1\" href=\"#操作DOM元素\" level=\"1\">操作DOM元素</a><ul><li><a class=\"toc-level-2\" href=\"#html()\" level=\"2\">html()</a></li><li><a class=\"toc-level-2\" href=\"#text()\" level=\"2\">text()</a></li><li><a class=\"toc-level-2\" href=\"#val()\" level=\"2\">val()</a></li><li><a class=\"toc-level-2\" href=\"#创建节点\" level=\"2\">创建节点</a></li><li><a class=\"toc-level-2\" href=\"#append()，appendTo()\" level=\"2\">append()，appendTo()</a></li><li><a class=\"toc-level-2\" href=\"#prepend()，prependTo()\" level=\"2\">prepend()，prependTo()</a></li><li><a class=\"toc-level-2\" href=\"#after()\" level=\"2\">after()</a></li><li><a class=\"toc-level-2\" href=\"#before()\" level=\"2\">before()</a></li><li><a class=\"toc-level-2\" href=\"#remove()\" level=\"2\">remove()</a></li><li><a class=\"toc-level-2\" href=\"#empty()\" level=\"2\">empty()</a></li><li><a class=\"toc-level-2\" href=\"#detach()\" level=\"2\">detach()</a></li><li><a class=\"toc-level-2\" href=\"#replaceWith()\" level=\"2\">replaceWith()</a></li><li><a class=\"toc-level-2\" href=\"#replaceAll()\" level=\"2\">replaceAll()</a></li><li><a class=\"toc-level-2\" href=\"#clone()\" level=\"2\">clone()</a></li></ul></li><li><a class=\"toc-level-1\" href=\"#操作DOM元素属性\" level=\"1\">操作DOM元素属性</a><ul><li><a class=\"toc-level-2\" href=\"#attr()\" level=\"2\">attr()</a></li><li><a class=\"toc-level-2\" href=\"#removeAttr()\" level=\"2\">removeAttr()</a></li></ul></li><li><a class=\"toc-level-1\" href=\"#遍历DOM元素\" level=\"1\">遍历DOM元素</a><ul><li><a class=\"toc-level-2\" href=\"#选择子元素\" level=\"2\">选择子元素</a><ul><li><a class=\"toc-level-3\" href=\"#children()\" level=\"3\">children()</a></li></ul></li><li><a class=\"toc-level-2\" href=\"#选择兄弟级元素\" level=\"2\">选择兄弟级元素</a><ul><li><a class=\"toc-level-3\" href=\"#next()\" level=\"3\">next()</a></li><li><a class=\"toc-level-3\" href=\"#prev()\" level=\"3\">prev()</a></li><li><a class=\"toc-level-3\" href=\"#siblings()\" level=\"3\">siblings()</a></li></ul></li><li><a class=\"toc-level-2\" href=\"#选择父元素\" level=\"2\">选择父元素</a><ul><li><a class=\"toc-level-3\" href=\"#parent()\" level=\"3\">parent()</a></li><li><a class=\"toc-level-3\" href=\"#parents()\" level=\"3\">parents()</a></li></ul></li><li><a class=\"toc-level-2\" href=\"#遍历元素\" level=\"2\">遍历元素</a><ul><li><a class=\"toc-level-3\" href=\"#each()\" level=\"3\">each()</a></li></ul></li></ul></li><li><a class=\"toc-level-1\" href=\"#JQuery的链式写法\" level=\"1\">JQuery的链式写法</a><ul><li><a class=\"toc-level-2\" href=\"#连续操作\" level=\"2\">连续操作</a></li><li><a class=\"toc-level-2\" href=\"#end()\" level=\"2\">end()</a><ul></ul></li></ul></li></ul>','2022-05-14 01:58:57',0,238,1,'/test1/5.jpeg','admin'),(6,'Bootstrap','<ul class=\"markdown-toc-list\"><li><a class=\"toc-level-1\" href=\"#Bootstrap4.4介绍\" level=\"1\">Bootstrap4.4介绍</a></li><li><a class=\"toc-level-1\" href=\"#Bootstrap4.4的安装\" level=\"1\">Bootstrap4.4的安装</a></li><li><a class=\"toc-level-1\" href=\"#栅格系统\" level=\"1\">栅格系统</a><ul><li><a class=\"toc-level-2\" href=\"#视口尺寸划分\" level=\"2\">视口尺寸划分</a></li><li><a class=\"toc-level-2\" href=\"#容器宽度\" level=\"2\">容器宽度</a></li><li><a class=\"toc-level-2\" href=\"#栅格系统\" level=\"2\">栅格系统</a></li></ul></li><li><a class=\"toc-level-1\" href=\"#工具类\" level=\"1\">工具类</a><ul><li><a class=\"toc-level-2\" href=\"#颜色\" level=\"2\">颜色</a></li><li><a class=\"toc-level-2\" href=\"#边框\" level=\"2\">边框</a></li><li><a class=\"toc-level-2\" href=\"#浮动\" level=\"2\">浮动</a></li><li><a class=\"toc-level-2\" href=\"#Display\" level=\"2\">Display</a></li><li><a class=\"toc-level-2\" href=\"#Flex布局类\" level=\"2\">Flex布局类</a></li><li><a class=\"toc-level-2\" href=\"#文本\" level=\"2\">文本</a></li><li><a class=\"toc-level-2\" href=\"#移除处理\" level=\"2\">移除处理</a></li><li><a class=\"toc-level-2\" href=\"#定位\" level=\"2\">定位</a></li><li><a class=\"toc-level-2\" href=\"#阴影\" level=\"2\">阴影</a></li><li><a class=\"toc-level-2\" href=\"#尺寸\" level=\"2\">尺寸</a></li><li><a class=\"toc-level-2\" href=\"#间隔\" level=\"2\">间隔</a></li><li><a class=\"toc-level-2\" href=\"#链接拉伸\" level=\"2\">链接拉伸</a></li><li><a class=\"toc-level-2\" href=\"#垂直对齐\" level=\"2\">垂直对齐</a></li><li><a class=\"toc-level-2\" href=\"#可见性\" level=\"2\">可见性</a></li></ul></li><li><a class=\"toc-level-1\" href=\"#页面内容\" level=\"1\">页面内容</a><ul><li><a class=\"toc-level-2\" href=\"#排版\" level=\"2\">排版</a></li><li><a class=\"toc-level-2\" href=\"#图像\" level=\"2\">图像</a></li><li><a class=\"toc-level-2\" href=\"#表格\" level=\"2\">表格</a></li><li><a class=\"toc-level-2\" href=\"#图片区\" level=\"2\">图片区</a></li></ul></li><li><a class=\"toc-level-1\" href=\"#组件\" level=\"1\">组件</a><ul><li><a class=\"toc-level-2\" href=\"#警告框\" level=\"2\">警告框</a></li><li><a class=\"toc-level-2\" href=\"#徽章\" level=\"2\">徽章</a></li><li><a class=\"toc-level-2\" href=\"#面包屑导航\" level=\"2\">面包屑导航</a></li><li><a class=\"toc-level-2\" href=\"#按钮\" level=\"2\">按钮</a></li><li><a class=\"toc-level-2\" href=\"#下拉菜单\" level=\"2\">下拉菜单</a></li><li><a class=\"toc-level-2\" href=\"#按钮组\" level=\"2\">按钮组</a></li><li><a class=\"toc-level-2\" href=\"#输入组\" level=\"2\">输入组</a></li><li><a class=\"toc-level-2\" href=\"#表单\" level=\"2\">表单</a></li><li><a class=\"toc-level-2\" href=\"#卡片\" level=\"2\">卡片</a></li><li><a class=\"toc-level-2\" href=\"#轮播\" level=\"2\">轮播</a></li><li><a class=\"toc-level-2\" href=\"#折叠(手风琴)\" level=\"2\">折叠(手风琴)</a></li><li><a class=\"toc-level-2\" href=\"#巨幕\" level=\"2\">巨幕</a></li><li><a class=\"toc-level-2\" href=\"#列表组\" level=\"2\">列表组</a></li><li><a class=\"toc-level-2\" href=\"#媒体对象\" level=\"2\">媒体对象</a></li><li><a class=\"toc-level-2\" href=\"#模态框\" level=\"2\">模态框</a></li><li><a class=\"toc-level-2\" href=\"#导航\" level=\"2\">导航</a></li><li><a class=\"toc-level-2\" href=\"#导航条\" level=\"2\">导航条</a></li><li><a class=\"toc-level-2\" href=\"#分页\" level=\"2\">分页</a></li><li><a class=\"toc-level-2\" href=\"#弹出框\" level=\"2\">弹出框</a></li><li><a class=\"toc-level-2\" href=\"#进度条\" level=\"2\">进度条</a></li><li><a class=\"toc-level-2\" href=\"#滚动监听\" level=\"2\">滚动监听</a></li><li><a class=\"toc-level-2\" href=\"#加载图标\" level=\"2\">加载图标</a></li><li><a class=\"toc-level-2\" href=\"#轻量弹窗\" level=\"2\">轻量弹窗</a></li><li><a class=\"toc-level-2\" href=\"#工具提示框\" level=\"2\">工具提示框</a></li></ul></li><li><a class=\"toc-level-1\" href=\"#资源下载\" level=\"1\">资源下载</a><ul></ul></li></ul>','2022-05-16 19:13:23',0,139,1,'/test1/6.jpeg','admin'),(7,'Node.js','<ul class=\"markdown-toc-list\"><li><a class=\"toc-level-1\" href=\"#Node12 介绍\" level=\"1\">Node12 介绍</a></li><li><a class=\"toc-level-1\" href=\"#下载 Node12\" level=\"1\">下载 Node12</a></li><li><a class=\"toc-level-1\" href=\"#安装和配置 Node12\" level=\"1\">安装和配置 Node12</a><ul><li><a class=\"toc-level-2\" href=\"#安装 Node12\" level=\"2\">安装 Node12</a></li><li><a class=\"toc-level-2\" href=\"#配置 Node12\" level=\"2\">配置 Node12</a></li><li><a class=\"toc-level-2\" href=\"#验证 Node12\" level=\"2\">验证 Node12</a></li></ul></li><li><a class=\"toc-level-1\" href=\"#在 VSCode 上安装插件\" level=\"1\">在 VSCode 上安装插件</a></li><li><a class=\"toc-level-1\" href=\"#模块\" level=\"1\">模块</a><ul><li><a class=\"toc-level-2\" href=\"#什么是模块\" level=\"2\">什么是模块</a></li><li><a class=\"toc-level-2\" href=\"#创建模块\" level=\"2\">创建模块</a></li><li><a class=\"toc-level-2\" href=\"#引入模块\" level=\"2\">引入模块</a></li><li><a class=\"toc-level-2\" href=\"#执行模块\" level=\"2\">执行模块</a></li><li><a class=\"toc-level-2\" href=\"#常见问题\" level=\"2\">常见问题</a><ul><li><a class=\"toc-level-3\" href=\"#问题一\" level=\"3\">问题一</a></li><li><a class=\"toc-level-3\" href=\"#问题二\" level=\"3\">问题二</a></li><li><a class=\"toc-level-3\" href=\"#问题三\" level=\"3\">问题三</a></li><li><a class=\"toc-level-3\" href=\"#问题四\" level=\"3\">问题四</a></li></ul></li></ul></li><li><a class=\"toc-level-1\" href=\"#类\" level=\"1\">类</a><ul><li><a class=\"toc-level-2\" href=\"#类的定义和实例化\" level=\"2\">类的定义和实例化</a></li><li><a class=\"toc-level-2\" href=\"#静态成员\" level=\"2\">静态成员</a></li><li><a class=\"toc-level-2\" href=\"#实例化成员\" level=\"2\">实例化成员</a></li><li><a class=\"toc-level-2\" href=\"#构造方法\" level=\"2\">构造方法</a></li><li><a class=\"toc-level-2\" href=\"#类的继承\" level=\"2\">类的继承</a></li><li><a class=\"toc-level-2\" href=\"#导出类模块\" level=\"2\">导出类模块</a></li></ul></li><li><a class=\"toc-level-1\" href=\"#Node12 创建服务器\" level=\"1\">Node12 创建服务器</a><ul><li><a class=\"toc-level-2\" href=\"#启动服务器\" level=\"2\">启动服务器</a></li><li><a class=\"toc-level-2\" href=\"#访问服务器\" level=\"2\">访问服务器</a></li></ul></li><li><a class=\"toc-level-1\" href=\"#响应信息\" level=\"1\">响应信息</a><ul><li><a class=\"toc-level-2\" href=\"#设置响应头\" level=\"2\">设置响应头</a></li><li><a class=\"toc-level-2\" href=\"#设置响应内容\" level=\"2\">设置响应内容</a></li><li><a class=\"toc-level-2\" href=\"#加载页面\" level=\"2\">加载页面</a></li><li><a class=\"toc-level-2\" href=\"#常用MIME类型表\" level=\"2\">常用MIME类型表</a></li></ul></li><li><a class=\"toc-level-1\" href=\"#获取请求信息\" level=\"1\">获取请求信息</a><ul><li><a class=\"toc-level-2\" href=\"#获取请求方式和URL\" level=\"2\">获取请求方式和URL</a></li><li><a class=\"toc-level-2\" href=\"#获取GET请求参数\" level=\"2\">获取GET请求参数</a></li><li><a class=\"toc-level-2\" href=\"#获取POST请求参数\" level=\"2\">获取POST请求参数</a></li></ul></li><li><a class=\"toc-level-1\" href=\"#npm\" level=\"1\">npm</a><ul><li><a class=\"toc-level-2\" href=\"#npm简介\" level=\"2\">npm简介</a></li><li><a class=\"toc-level-2\" href=\"#查找依赖项目\" level=\"2\">查找依赖项目</a></li><li><a class=\"toc-level-2\" href=\"#查看npm版本及更新\" level=\"2\">查看npm版本及更新</a></li><li><a class=\"toc-level-2\" href=\"#淘宝镜像\" level=\"2\">淘宝镜像</a></li></ul></li><li><a class=\"toc-level-1\" href=\"#自定义模块\" level=\"1\">自定义模块</a><ul><li><a class=\"toc-level-2\" href=\"#创建模块\" level=\"2\">创建模块</a></li><li><a class=\"toc-level-2\" href=\"#package.json 配置说明\" level=\"2\">package.json 配置说明</a></li><li><a class=\"toc-level-2\" href=\"#依赖项目管理\" level=\"2\">依赖项目管理</a></li><li><a class=\"toc-level-2\" href=\"#安装 package.json 中依赖的项目\" level=\"2\">安装 package.json 中依赖的项目</a></li></ul></li><li><a class=\"toc-level-1\" href=\"#动态获取MIME类型\" level=\"1\">动态获取MIME类型</a><ul><li><a class=\"toc-level-2\" href=\"#安装mime模块\" level=\"2\">安装mime模块</a></li><li><a class=\"toc-level-2\" href=\"#获取MIME类型\" level=\"2\">获取MIME类型</a></li></ul></li><li><a class=\"toc-level-1\" href=\"#EJS嵌入式模板\" level=\"1\">EJS嵌入式模板</a><ul><li><a class=\"toc-level-2\" href=\"#安装EJS模块\" level=\"2\">安装EJS模块</a></li><li><a class=\"toc-level-2\" href=\"#模板渲染\" level=\"2\">模板渲染</a></li><li><a class=\"toc-level-2\" href=\"#模板语法\" level=\"2\">模板语法</a></li></ul></li><li><a class=\"toc-level-1\" href=\"#操作MySQL数据库\" level=\"1\">操作MySQL数据库</a><ul><li><a class=\"toc-level-2\" href=\"#安装MySQL模块\" level=\"2\">安装MySQL模块</a></li><li><a class=\"toc-level-2\" href=\"#连接数据库\" level=\"2\">连接数据库</a></li><li><a class=\"toc-level-2\" href=\"#查询\" level=\"2\">查询</a></li><li><a class=\"toc-level-2\" href=\"#插入\" level=\"2\">插入</a></li><li><a class=\"toc-level-2\" href=\"#删除\" level=\"2\">删除</a></li><li><a class=\"toc-level-2\" href=\"#更新\" level=\"2\">更新</a></li></ul></li><li><a class=\"toc-level-1\" href=\"#Express\" level=\"1\">Express</a><ul><li><a class=\"toc-level-2\" href=\"#安装Express模块\" level=\"2\">安装Express模块</a></li><li><a class=\"toc-level-2\" href=\"#创建应用\" level=\"2\">创建应用</a></li><li><a class=\"toc-level-2\" href=\"#路由常用方法\" level=\"2\">路由常用方法</a></li><li><a class=\"toc-level-2\" href=\"#路由匹配路径\" level=\"2\">路由匹配路径</a></li><li><a class=\"toc-level-2\" href=\"#路由处理程序\" level=\"2\">路由处理程序</a></li><li><a class=\"toc-level-2\" href=\"#响应数据\" level=\"2\">响应数据</a></li><li><a class=\"toc-level-2\" href=\"#获取参数\" level=\"2\">获取参数</a></li><li><a class=\"toc-level-2\" href=\"#静态资源加载\" level=\"2\">静态资源加载</a></li><li><a class=\"toc-level-2\" href=\"#EJS模板渲染\" level=\"2\">EJS模板渲染</a></li><li><a class=\"toc-level-2\" href=\"#子应用\" level=\"2\">子应用</a></li><li><a class=\"toc-level-2\" href=\"#cookie\" level=\"2\">cookie</a></li><li><a class=\"toc-level-2\" href=\"#session\" level=\"2\">session</a></li><li><a class=\"toc-level-2\" href=\"#文件上传\" level=\"2\">文件上传</a></li></ul></li><li><a class=\"toc-level-1\" href=\"#资源下载\" level=\"1\">资源下载</a></li><li><a class=\"toc-level-1\" href=\"#视频教程\" level=\"1\">视频教程</a><ul></ul></li></ul>','2022-05-17 00:48:59',0,51,3,'/test1/7.jpeg','admin'),(8,'Java','<ul class=\"markdown-toc-list\"><li><a class=\"toc-level-1\" href=\"#格式化日期\" level=\"1\">格式化日期</a></li><li><a class=\"toc-level-1\" href=\"#网络编程\" level=\"1\">网络编程</a><ul><li><a class=\"toc-level-2\" href=\"#UDP模式\" level=\"2\">UDP模式</a></li><li><a class=\"toc-level-2\" href=\"#TCP模式\" level=\"2\">TCP模式</a></li></ul></li><li><a class=\"toc-level-1\" href=\"#多线程\" level=\"1\">多线程</a><ul><li><a class=\"toc-level-2\" href=\"#创建线程的步骤\" level=\"2\">创建线程的步骤</a></li><li><a class=\"toc-level-2\" href=\"#相关的类\" level=\"2\">相关的类</a></li><li><a class=\"toc-level-2\" href=\"#通过Thread类创建子线程\" level=\"2\">通过Thread类创建子线程</a></li><li><a class=\"toc-level-2\" href=\"#通过Runnable接口创建子线程\" level=\"2\">通过Runnable接口创建子线程</a></li><li><a class=\"toc-level-2\" href=\"#让多个子线程共享数据一\" level=\"2\">让多个子线程共享数据一</a></li><li><a class=\"toc-level-2\" href=\"#让多个子线程共享数据二\" level=\"2\">让多个子线程共享数据二</a></li><li><a class=\"toc-level-2\" href=\"#线程同步一\" level=\"2\">线程同步一</a></li><li><a class=\"toc-level-2\" href=\"#线程同步二\" level=\"2\">线程同步二</a></li><li><a class=\"toc-level-2\" href=\"#线程插队\" level=\"2\">线程插队</a></li></ul></li><li><a class=\"toc-level-1\" href=\"#JDBC\" level=\"1\">JDBC</a><ul><li><a class=\"toc-level-2\" href=\"#什么是JDBC\" level=\"2\">什么是JDBC</a></li><li><a class=\"toc-level-2\" href=\"#JDBC API主要功能\" level=\"2\">JDBC API主要功能</a></li><li><a class=\"toc-level-2\" href=\"#JDBC编程步骤\" level=\"2\">JDBC编程步骤</a><ul><li><a class=\"toc-level-3\" href=\"#连接和关闭数据库\" level=\"3\">连接和关闭数据库</a></li><li><a class=\"toc-level-3\" href=\"#执行查询语句\" level=\"3\">执行查询语句</a></li><li><a class=\"toc-level-3\" href=\"#执行增、删、改语句\" level=\"3\">执行增、删、改语句</a></li><li><a class=\"toc-level-3\" href=\"#用PreparedStatement执行SQL语句\" level=\"3\">用PreparedStatement执行SQL语句</a></li></ul></li><li><a class=\"toc-level-2\" href=\"#乱码问题\" level=\"2\">乱码问题</a></li><li><a class=\"toc-level-2\" href=\"#事务处理\" level=\"2\">事务处理</a></li></ul></li><li><a class=\"toc-level-1\" href=\"#properties配置文件\" level=\"1\">properties配置文件</a><ul><li><a class=\"toc-level-2\" href=\"#properties配置文件说明\" level=\"2\">properties配置文件说明</a></li><li><a class=\"toc-level-2\" href=\"#读取配置文件\" level=\"2\">读取配置文件</a></li><li><a class=\"toc-level-2\" href=\"#Properties类常用的方法\" level=\"2\">Properties类常用的方法</a></li></ul></li><li><a class=\"toc-level-1\" href=\"#单元测试实现\" level=\"1\">单元测试实现</a></li><li><a class=\"toc-level-1\" href=\"#文件上传\" level=\"1\">文件上传</a><ul><li><a class=\"toc-level-2\" href=\"#Commons-FileUpload组件的API\" level=\"2\">Commons-FileUpload组件的API</a></li><li><a class=\"toc-level-2\" href=\"#使用步骤\" level=\"2\">使用步骤</a><ul></ul></li></ul></li></ul>','2022-05-14 01:58:57',1,36,4,'/test1/8.jpeg','admin'),(9,'MyBatis','<ul class=\"markdown-toc-list\"><li><a class=\"toc-level-1\" href=\"#MyBatis3 开发环境搭建\" level=\"1\">MyBatis3 开发环境搭建</a><ul><li><a class=\"toc-level-2\" href=\"#准备工作\" level=\"2\">准备工作</a></li><li><a class=\"toc-level-2\" href=\"#MyBatis3开发环境搭建\" level=\"2\">MyBatis3开发环境搭建</a></li><li><a class=\"toc-level-2\" href=\"#创建配置文件\" level=\"2\">创建配置文件</a></li><li><a class=\"toc-level-2\" href=\"#创建XML映射文件\" level=\"2\">创建XML映射文件</a></li><li><a class=\"toc-level-2\" href=\"#使用MyBatis3访问数据库\" level=\"2\">使用MyBatis3访问数据库</a></li></ul></li><li><a class=\"toc-level-1\" href=\"#MyBatis3 工具封装类\" level=\"1\">MyBatis3 工具封装类</a></li><li><a class=\"toc-level-1\" href=\"#MyBatis3 配置数据源\" level=\"1\">MyBatis3 配置数据源</a><ul><li><a class=\"toc-level-2\" href=\"#静态配置\" level=\"2\">静态配置</a></li><li><a class=\"toc-level-2\" href=\"#动态配置\" level=\"2\">动态配置</a></li></ul></li><li><a class=\"toc-level-1\" href=\"#MyBatis3 日志实现\" level=\"1\">MyBatis3 日志实现</a><ul><li><a class=\"toc-level-2\" href=\"#准备工作\" level=\"2\">准备工作</a></li><li><a class=\"toc-level-2\" href=\"#部署Log4j\" level=\"2\">部署Log4j</a></li><li><a class=\"toc-level-2\" href=\"#配置Log4j\" level=\"2\">配置Log4j</a></li></ul></li><li><a class=\"toc-level-1\" href=\"#MyBatis3 通过接口进行数据库访问\" level=\"1\">MyBatis3 通过接口进行数据库访问</a><ul><li><a class=\"toc-level-2\" href=\"#创建接口\" level=\"2\">创建接口</a></li><li><a class=\"toc-level-2\" href=\"#修改单元测试文件\" level=\"2\">修改单元测试文件</a></li></ul></li><li><a class=\"toc-level-1\" href=\"#MyBatis3 创建POJO类\" level=\"1\">MyBatis3 创建POJO类</a><ul><li><a class=\"toc-level-2\" href=\"#什么是POJO类\" level=\"2\">什么是POJO类</a></li><li><a class=\"toc-level-2\" href=\"#创建POJO类\" level=\"2\">创建POJO类</a></li><li><a class=\"toc-level-2\" href=\"#数据库类型与java类型对照表\" level=\"2\">数据库类型与java类型对照表</a></li></ul></li><li><a class=\"toc-level-1\" href=\"#MyBatis3 向SQL语句传参\" level=\"1\">MyBatis3 向SQL语句传参</a><ul><li><a class=\"toc-level-2\" href=\"#传入一个参数\" level=\"2\">传入一个参数</a></li><li><a class=\"toc-level-2\" href=\"#传入多个参数\" level=\"2\">传入多个参数</a><ul><li><a class=\"toc-level-3\" href=\"#POJO对象实现\" level=\"3\">POJO对象实现</a></li><li><a class=\"toc-level-3\" href=\"#Map对象实现\" level=\"3\">Map对象实现</a></li><li><a class=\"toc-level-3\" href=\"#注解实现\" level=\"3\">注解实现</a></li></ul></li></ul></li><li><a class=\"toc-level-1\" href=\"#MyBatis3 获取查询结果\" level=\"1\">MyBatis3 获取查询结果</a><ul><li><a class=\"toc-level-2\" href=\"#单表查询\" level=\"2\">单表查询</a><ul><li><a class=\"toc-level-3\" href=\"#查询单个值\" level=\"3\">查询单个值</a></li><li><a class=\"toc-level-3\" href=\"#查询一行数据\" level=\"3\">查询一行数据</a></li><li><a class=\"toc-level-3\" href=\"#查询多行数据\" level=\"3\">查询多行数据</a></li><li><a class=\"toc-level-3\" href=\"#模糊查询\" level=\"3\">模糊查询</a></li><li><a class=\"toc-level-3\" href=\"#分页查询\" level=\"3\">分页查询</a></li></ul></li><li><a class=\"toc-level-2\" href=\"#多表联合查询\" level=\"2\">多表联合查询</a><ul><li><a class=\"toc-level-3\" href=\"#主表引用附表字段\" level=\"3\">主表引用附表字段</a></li><li><a class=\"toc-level-3\" href=\"#主表引用附表POJO对象\" level=\"3\">主表引用附表POJO对象</a></li><li><a class=\"toc-level-3\" href=\"#主表引用附表POJO对象集合\" level=\"3\">主表引用附表POJO对象集合</a></li></ul></li></ul></li><li><a class=\"toc-level-1\" href=\"#MyBatis3 结果集映射机制\" level=\"1\">MyBatis3 结果集映射机制</a><ul><li><a class=\"toc-level-2\" href=\"#POJO类属性名与数据表字段名不一致的情况\" level=\"2\">POJO类属性名与数据表字段名不一致的情况</a></li><li><a class=\"toc-level-2\" href=\"#自动映射行为\" level=\"2\">自动映射行为</a><ul><li><a class=\"toc-level-3\" href=\"#取消自动映射\" level=\"3\">取消自动映射</a></li><li><a class=\"toc-level-3\" href=\"#完全自动映射\" level=\"3\">完全自动映射</a></li><li><a class=\"toc-level-3\" href=\"#部分自动映射\" level=\"3\">部分自动映射</a></li></ul></li></ul></li><li><a class=\"toc-level-1\" href=\"#MyBatis3 映射器的注册\" level=\"1\">MyBatis3 映射器的注册</a><ul><li><a class=\"toc-level-2\" href=\"#直接注册映射器文件\" level=\"2\">直接注册映射器文件</a></li><li><a class=\"toc-level-2\" href=\"#通过包名自动注册\" level=\"2\">通过包名自动注册</a></li></ul></li><li><a class=\"toc-level-1\" href=\"#MyBatis3 类型别名\" level=\"1\">MyBatis3 类型别名</a><ul><li><a class=\"toc-level-2\" href=\"#给具体的类取别名\" level=\"2\">给具体的类取别名</a></li><li><a class=\"toc-level-2\" href=\"#给指定包下的类取别名\" level=\"2\">给指定包下的类取别名</a></li></ul></li><li><a class=\"toc-level-1\" href=\"#MyBatis3 动态SQL映射\" level=\"1\">MyBatis3 动态SQL映射</a><ul><li><a class=\"toc-level-2\" href=\"#if\" level=\"2\">if</a></li><li><a class=\"toc-level-2\" href=\"#where-if / trim-if\" level=\"2\">where-if / trim-if</a></li><li><a class=\"toc-level-2\" href=\"#foreach\" level=\"2\">foreach</a></li><li><a class=\"toc-level-2\" href=\"#choose-when-otherwise\" level=\"2\">choose-when-otherwise</a></li><li><a class=\"toc-level-2\" href=\"#set-if / trim-if\" level=\"2\">set-if / trim-if</a><ul></ul></li></ul></li></ul>','2022-05-14 01:58:57',0,1289,4,'/test1/9.jpeg','admin'),(10,'Spring','<ul class=\"markdown-toc-list\"><li><a class=\"toc-level-1\" href=\"#Spring3 环境搭建\" level=\"1\">Spring3 环境搭建</a><ul><li><a class=\"toc-level-2\" href=\"#下载相关JAR文件\" level=\"2\">下载相关JAR文件</a></li><li><a class=\"toc-level-2\" href=\"#搭建Spring3环境\" level=\"2\">搭建Spring3环境</a></li></ul></li><li><a class=\"toc-level-1\" href=\"#Spring3 Ioc依赖注入\" level=\"1\">Spring3 Ioc依赖注入</a><ul><li><a class=\"toc-level-2\" href=\"#注入直接量\" level=\"2\">注入直接量</a></li><li><a class=\"toc-level-2\" href=\"#注入对象\" level=\"2\">注入对象</a></li><li><a class=\"toc-level-2\" href=\"#构造注入\" level=\"2\">构造注入</a></li><li><a class=\"toc-level-2\" href=\"#注入特殊值\" level=\"2\">注入特殊值</a><ul><li><a class=\"toc-level-3\" href=\"#注入null值\" level=\"3\">注入null值</a></li><li><a class=\"toc-level-3\" href=\"#注入空字符串\" level=\"3\">注入空字符串</a></li><li><a class=\"toc-level-3\" href=\"#注入包含特殊字符的值\" level=\"3\">注入包含特殊字符的值</a></li><li><a class=\"toc-level-3\" href=\"#注入List集合\" level=\"3\">注入List集合</a></li><li><a class=\"toc-level-3\" href=\"#注入Set集合\" level=\"3\">注入Set集合</a></li><li><a class=\"toc-level-3\" href=\"#注入Map集合\" level=\"3\">注入Map集合</a></li><li><a class=\"toc-level-3\" href=\"#注入Properties集合\" level=\"3\">注入Properties集合</a></li></ul></li><li><a class=\"toc-level-2\" href=\"#使用注解实现Ioc\" level=\"2\">使用注解实现Ioc</a><ul><li><a class=\"toc-level-3\" href=\"#定义Bean\" level=\"3\">定义Bean</a></li><li><a class=\"toc-level-3\" href=\"#Bean组件装配\" level=\"3\">Bean组件装配</a></li></ul></li></ul></li><li><a class=\"toc-level-1\" href=\"#Spring3 AOP实现\" level=\"1\">Spring3 AOP实现</a><ul><li><a class=\"toc-level-2\" href=\"#相关JAR文件\" level=\"2\">相关JAR文件</a></li><li><a class=\"toc-level-2\" href=\"#AOP增强\" level=\"2\">AOP增强</a></li><li><a class=\"toc-level-2\" href=\"#使用注解实现AOP增强\" level=\"2\">使用注解实现AOP增强</a></li><li><a class=\"toc-level-2\" href=\"#切入点表达式匹配规则举例\" level=\"2\">切入点表达式匹配规则举例</a></li><li><a class=\"toc-level-2\" href=\"#JoinPoint 常用方法\" level=\"2\">JoinPoint 常用方法</a></li><li><a class=\"toc-level-2\" href=\"#ProceedingJoinPoint 常用方法\" level=\"2\">ProceedingJoinPoint 常用方法</a></li></ul></li><li><a class=\"toc-level-1\" href=\"#Spring3 整合MyBatis3\" level=\"1\">Spring3 整合MyBatis3</a><ul><li><a class=\"toc-level-2\" href=\"#相关JAR文件\" level=\"2\">相关JAR文件</a></li><li><a class=\"toc-level-2\" href=\"#整合思路\" level=\"2\">整合思路</a></li><li><a class=\"toc-level-2\" href=\"#整合实现\" level=\"2\">整合实现</a></li><li><a class=\"toc-level-2\" href=\"#将 MyBatis 中的配置转移到 Spring 配置文件中\" level=\"2\">将 MyBatis 中的配置转移到 Spring 配置文件中</a></li></ul></li><li><a class=\"toc-level-1\" href=\"#Spring3 映射器接口实现\" level=\"1\">Spring3 映射器接口实现</a><ul><li><a class=\"toc-level-2\" href=\"#实现类实现映射器接口\" level=\"2\">实现类实现映射器接口</a><ul><li><a class=\"toc-level-3\" href=\"#普通实现\" level=\"3\">普通实现</a></li><li><a class=\"toc-level-3\" href=\"#通过继承SqlSessionDaoSupport类实现\" level=\"3\">通过继承SqlSessionDaoSupport类实现</a></li></ul></li><li><a class=\"toc-level-2\" href=\"#注入实现映射器接口\" level=\"2\">注入实现映射器接口</a><ul><li><a class=\"toc-level-3\" href=\"#使用 MapperFactoryBean 注入\" level=\"3\">使用 MapperFactoryBean 注入</a></li><li><a class=\"toc-level-3\" href=\"#使用 MapperScannerConfigurer 注入\" level=\"3\">使用 MapperScannerConfigurer 注入</a></li></ul></li></ul></li><li><a class=\"toc-level-1\" href=\"#Spring3 声明式事务\" level=\"1\">Spring3 声明式事务</a><ul><li><a class=\"toc-level-2\" href=\"#使用Spring XML实现声明式事务\" level=\"2\">使用Spring XML实现声明式事务</a></li><li><a class=\"toc-level-2\" href=\"#使用注解实现声明式事务处理\" level=\"2\">使用注解实现声明式事务处理</a></li></ul></li><li><a class=\"toc-level-1\" href=\"#Spring3 数据源配置\" level=\"1\">Spring3 数据源配置</a><ul><li><a class=\"toc-level-2\" href=\"#使用BasicDataSource直接配置数据源\" level=\"2\">使用BasicDataSource直接配置数据源</a></li><li><a class=\"toc-level-2\" href=\"#使用属性文件配置数据源\" level=\"2\">使用属性文件配置数据源</a></li><li><a class=\"toc-level-2\" href=\"#使用JNDI数据源\" level=\"2\">使用JNDI数据源</a></li></ul></li><li><a class=\"toc-level-1\" href=\"#Spring3 指定Bean的作用域\" level=\"1\">Spring3 指定Bean的作用域</a><ul><li><a class=\"toc-level-2\" href=\"#Bean的作用域说明\" level=\"2\">Bean的作用域说明</a></li><li><a class=\"toc-level-2\" href=\"#设置Bean的作用\" level=\"2\">设置Bean的作用</a><ul><li><a class=\"toc-level-3\" href=\"#xml方式\" level=\"3\">xml方式</a></li><li><a class=\"toc-level-3\" href=\"#注解方式\" level=\"3\">注解方式</a></li></ul></li></ul></li><li><a class=\"toc-level-1\" href=\"#Spring3 自动装配\" level=\"1\">Spring3 自动装配</a><ul><li><a class=\"toc-level-2\" href=\"#局部设置\" level=\"2\">局部设置</a><ul><li><a class=\"toc-level-3\" href=\"#不进行自动装配\" level=\"3\">不进行自动装配</a></li><li><a class=\"toc-level-3\" href=\"#按属性名称进行自动装配\" level=\"3\">按属性名称进行自动装配</a></li><li><a class=\"toc-level-3\" href=\"#按属性类型进行自动装配\" level=\"3\">按属性类型进行自动装配</a></li><li><a class=\"toc-level-3\" href=\"#按构造方法的参数类型进行自动装配\" level=\"3\">按构造方法的参数类型进行自动装配</a></li></ul></li><li><a class=\"toc-level-2\" href=\"#全局设置\" level=\"2\">全局设置</a></li></ul></li><li><a class=\"toc-level-1\" href=\"#Spring3 拆分配置文件\" level=\"1\">Spring3 拆分配置文件</a><ul><li><a class=\"toc-level-2\" href=\"#拆分配置文件\" level=\"2\">拆分配置文件</a></li><li><a class=\"toc-level-2\" href=\"#整合配置文件\" level=\"2\">整合配置文件</a><ul><li><a class=\"toc-level-3\" href=\"#配置文件导入\" level=\"3\">配置文件导入</a></li><li><a class=\"toc-level-3\" href=\"#创建上下文对象时引入所有的配置文件\" level=\"3\">创建上下文对象时引入所有的配置文件</a><ul></ul></li></ul></li></ul></li></ul>','2022-05-14 01:58:57',0,1248,4,'/test1/10.jpeg','admin'),(11,'SpringMVC','<ul class=\"markdown-toc-list\"><li><a class=\"toc-level-1\" href=\"#SpringMVC3 环境搭建\" level=\"1\">SpringMVC3 环境搭建</a><ul><li><a class=\"toc-level-2\" href=\"#下载相关JAR包\" level=\"2\">下载相关JAR包</a></li><li><a class=\"toc-level-2\" href=\"#搭建 SpringMVC3 环境\" level=\"2\">搭建 SpringMVC3 环境</a></li></ul></li><li><a class=\"toc-level-1\" href=\"#SprintMVC3 使用注解实现控制器类\" level=\"1\">SprintMVC3 使用注解实现控制器类</a><ul><li><a class=\"toc-level-2\" href=\"#支持注解配置\" level=\"2\">支持注解配置</a></li><li><a class=\"toc-level-2\" href=\"#控制器改造\" level=\"2\">控制器改造</a></li></ul></li><li><a class=\"toc-level-1\" href=\"#SpringMVC3 请求映射映射\" level=\"1\">SpringMVC3 请求映射映射</a><ul><li><a class=\"toc-level-2\" href=\"#单映射\" level=\"2\">单映射</a><ul><li><a class=\"toc-level-3\" href=\"#单级映射\" level=\"3\">单级映射</a></li><li><a class=\"toc-level-3\" href=\"#多级映射\" level=\"3\">多级映射</a></li></ul></li><li><a class=\"toc-level-2\" href=\"#多映射\" level=\"2\">多映射</a></li><li><a class=\"toc-level-2\" href=\"#只允许GET请求\" level=\"2\">只允许GET请求</a></li><li><a class=\"toc-level-2\" href=\"#只允许POST请求\" level=\"2\">只允许POST请求</a></li></ul></li><li><a class=\"toc-level-1\" href=\"#SpringMVC3 视图向控制器传递参数\" level=\"1\">SpringMVC3 视图向控制器传递参数</a><ul><li><a class=\"toc-level-2\" href=\"#提交单个参数\" level=\"2\">提交单个参数</a></li><li><a class=\"toc-level-2\" href=\"#提交多个参数\" level=\"2\">提交多个参数</a></li><li><a class=\"toc-level-2\" href=\"#非必填参数\" level=\"2\">非必填参数</a></li><li><a class=\"toc-level-2\" href=\"#给参数设置默认值\" level=\"2\">给参数设置默认值</a></li><li><a class=\"toc-level-2\" href=\"#将参数赋值给对象的属性\" level=\"2\">将参数赋值给对象的属性</a></li></ul></li><li><a class=\"toc-level-1\" href=\"#SpringMVC3 控制器向视图传递参数\" level=\"1\">SpringMVC3 控制器向视图传递参数</a><ul><li><a class=\"toc-level-2\" href=\"#使用 ModelAndView 类实现\" level=\"2\">使用 ModelAndView 类实现</a><ul><li><a class=\"toc-level-3\" href=\"#传入普通类型参数\" level=\"3\">传入普通类型参数</a></li><li><a class=\"toc-level-3\" href=\"#传入Map类型的参数\" level=\"3\">传入Map类型的参数</a></li><li><a class=\"toc-level-3\" href=\"#传入对象类型的参数\" level=\"3\">传入对象类型的参数</a></li></ul></li><li><a class=\"toc-level-2\" href=\"#使用 Model 类实现\" level=\"2\">使用 Model 类实现</a><ul><li><a class=\"toc-level-3\" href=\"#传入普通类型参数\" level=\"3\">传入普通类型参数</a></li><li><a class=\"toc-level-3\" href=\"#传入 Map 类型的参数\" level=\"3\">传入 Map 类型的参数</a></li><li><a class=\"toc-level-3\" href=\"#向页面传递对象参数\" level=\"3\">向页面传递对象参数</a></li><li><a class=\"toc-level-3\" href=\"#接受参数并返回到页面\" level=\"3\">接受参数并返回到页面</a></li></ul></li><li><a class=\"toc-level-2\" href=\"#使用 Map 类型实现\" level=\"2\">使用 Map 类型实现</a></li></ul></li><li><a class=\"toc-level-1\" href=\"#SpringMVC3 整合Spring与MyBatis\" level=\"1\">SpringMVC3 整合Spring与MyBatis</a><ul><li><a class=\"toc-level-2\" href=\"#创建项目\" level=\"2\">创建项目</a></li><li><a class=\"toc-level-2\" href=\"#配置SSM\" level=\"2\">配置SSM</a></li><li><a class=\"toc-level-2\" href=\"#编写POJO类\" level=\"2\">编写POJO类</a></li><li><a class=\"toc-level-2\" href=\"#编写数据库操作\" level=\"2\">编写数据库操作</a></li><li><a class=\"toc-level-2\" href=\"#编写业务层\" level=\"2\">编写业务层</a></li><li><a class=\"toc-level-2\" href=\"#编写视图层\" level=\"2\">编写视图层</a></li><li><a class=\"toc-level-2\" href=\"#编写控制器\" level=\"2\">编写控制器</a></li></ul></li><li><a class=\"toc-level-1\" href=\"#SpringMVC3 转发与重定向\" level=\"1\">SpringMVC3 转发与重定向</a><ul><li><a class=\"toc-level-2\" href=\"#转发\" level=\"2\">转发</a></li><li><a class=\"toc-level-2\" href=\"#重定向\" level=\"2\">重定向</a></li></ul></li><li><a class=\"toc-level-1\" href=\"#SpringMVC3 Session与Reuqrest对象\" level=\"1\">SpringMVC3 Session与Reuqrest对象</a><ul><li><a class=\"toc-level-2\" href=\"#使用 session 对象\" level=\"2\">使用 session 对象</a></li><li><a class=\"toc-level-2\" href=\"#使用 request 对象\" level=\"2\">使用 request 对象</a></li></ul></li><li><a class=\"toc-level-1\" href=\"#SpringMVC3 加载静态资源\" level=\"1\">SpringMVC3 加载静态资源</a></li><li><a class=\"toc-level-1\" href=\"#SpringMVC3 异常处理\" level=\"1\">SpringMVC3 异常处理</a><ul><li><a class=\"toc-level-2\" href=\"#局部异常处理\" level=\"2\">局部异常处理</a></li><li><a class=\"toc-level-2\" href=\"#全局异常处理\" level=\"2\">全局异常处理</a></li></ul></li><li><a class=\"toc-level-1\" href=\"#SpringMVC3 中文乱码问题\" level=\"1\">SpringMVC3 中文乱码问题</a></li><li><a class=\"toc-level-1\" href=\"#SpringMVC3 表单标签\" level=\"1\">SpringMVC3 表单标签</a><ul><li><a class=\"toc-level-2\" href=\"#声明 taglib 指令\" level=\"2\">声明 taglib 指令</a></li><li><a class=\"toc-level-2\" href=\"#form 标签\" level=\"2\">form 标签</a></li><li><a class=\"toc-level-2\" href=\"#常用表单标签\" level=\"2\">常用表单标签</a></li><li><a class=\"toc-level-2\" href=\"#常用属性\" level=\"2\">常用属性</a></li></ul></li><li><a class=\"toc-level-1\" href=\"#SpringMVC3 JSR303校验框架\" level=\"1\">SpringMVC3 JSR303校验框架</a><ul><li><a class=\"toc-level-2\" href=\"#依赖的JAR文件\" level=\"2\">依赖的JAR文件</a></li><li><a class=\"toc-level-2\" href=\"#JSR 303 约束\" level=\"2\">JSR 303 约束</a></li><li><a class=\"toc-level-2\" href=\"#JSR 303 应用\" level=\"2\">JSR 303 应用</a></li></ul></li><li><a class=\"toc-level-1\" href=\"#SpringMVC3 REST风格的URL\" level=\"1\">SpringMVC3 REST风格的URL</a></li><li><a class=\"toc-level-1\" href=\"#SpringMVC3 文件上传\" level=\"1\">SpringMVC3 文件上传</a><ul><li><a class=\"toc-level-2\" href=\"#依赖的JAR文件\" level=\"2\">依赖的JAR文件</a></li><li><a class=\"toc-level-2\" href=\"#单文件上传\" level=\"2\">单文件上传</a></li><li><a class=\"toc-level-2\" href=\"#多文件上传\" level=\"2\">多文件上传</a></li><li><a class=\"toc-level-2\" href=\"#前后端分离实现文件上传\" level=\"2\">前后端分离实现文件上传</a></li></ul></li><li><a class=\"toc-level-1\" href=\"#SpringMVC3 响应JSON数据\" level=\"1\">SpringMVC3 响应JSON数据</a><ul><li><a class=\"toc-level-2\" href=\"#依赖的JAR文件\" level=\"2\">依赖的JAR文件</a></li><li><a class=\"toc-level-2\" href=\"#返回JSON数据\" level=\"2\">返回JSON数据</a></li><li><a class=\"toc-level-2\" href=\"#中文乱码解决\" level=\"2\">中文乱码解决</a><ul><li><a class=\"toc-level-3\" href=\"#使用注解解决\" level=\"3\">使用注解解决</a></li><li><a class=\"toc-level-3\" href=\"#使用StringHttpMessageConverter类解决\" level=\"3\">使用StringHttpMessageConverter类解决</a></li><li><a class=\"toc-level-3\" href=\"#使用FastJsonHttpMessageConverter类解决\" level=\"3\">使用FastJsonHttpMessageConverter类解决</a></li></ul></li><li><a class=\"toc-level-2\" href=\"#JSON请求时406错误\" level=\"2\">JSON请求时406错误</a></li><li><a class=\"toc-level-2\" href=\"#日期格式问题\" level=\"2\">日期格式问题</a><ul><li><a class=\"toc-level-3\" href=\"#注解方式解决\" level=\"3\">注解方式解决</a></li><li><a class=\"toc-level-3\" href=\"#配置文件方式解决\" level=\"3\">配置文件方式解决</a></li><li><a class=\"toc-level-3\" href=\"#混合模式\" level=\"3\">混合模式</a></li></ul></li></ul></li><li><a class=\"toc-level-1\" href=\"#SpringMVC3 多视图解析器\" level=\"1\">SpringMVC3 多视图解析器</a><ul><li><a class=\"toc-level-2\" href=\"#配置XML文件\" level=\"2\">配置XML文件</a></li><li><a class=\"toc-level-2\" href=\"#编写控制器\" level=\"2\">编写控制器</a></li></ul></li><li><a class=\"toc-level-1\" href=\"#SpringMVC3 自定义转换器\" level=\"1\">SpringMVC3 自定义转换器</a><ul><li><a class=\"toc-level-2\" href=\"#创建自定义转换器\" level=\"2\">创建自定义转换器</a></li><li><a class=\"toc-level-2\" href=\"#配置自定义转换器\" level=\"2\">配置自定义转换器</a></li></ul></li><li><a class=\"toc-level-1\" href=\"#SpringMVC3 自定义编辑器\" level=\"1\">SpringMVC3 自定义编辑器</a><ul><li><a class=\"toc-level-2\" href=\"#创建自定义编辑器\" level=\"2\">创建自定义编辑器</a></li><li><a class=\"toc-level-2\" href=\"#使用自定义编辑器\" level=\"2\">使用自定义编辑器</a></li></ul></li><li><a class=\"toc-level-1\" href=\"#SpringMVC3 自定义拦截器\" level=\"1\">SpringMVC3 自定义拦截器</a><ul><li><a class=\"toc-level-2\" href=\"#创建自定义拦截器\" level=\"2\">创建自定义拦截器</a></li><li><a class=\"toc-level-2\" href=\"#配置自定义拦截器\" level=\"2\">配置自定义拦截器</a></li></ul></li><li><a class=\"toc-level-1\" href=\"#SpringMVC3 邮箱发送\" level=\"1\">SpringMVC3 邮箱发送</a><ul><li><a class=\"toc-level-2\" href=\"#添加依赖\" level=\"2\">添加依赖</a></li><li><a class=\"toc-level-2\" href=\"#创建配置文件\" level=\"2\">创建配置文件</a></li><li><a class=\"toc-level-2\" href=\"#创建业务层代码\" level=\"2\">创建业务层代码</a></li><li><a class=\"toc-level-2\" href=\"#创建控制器层代码\" level=\"2\">创建控制器层代码</a></li><li><a class=\"toc-level-2\" href=\"#测试\" level=\"2\">测试</a></li></ul></li><li><a class=\"toc-level-1\" href=\"#SpringMVC4 集成Swagger\" level=\"1\">SpringMVC4 集成Swagger</a><ul><li><a class=\"toc-level-2\" href=\"#Swagger简介\" level=\"2\">Swagger简介</a></li><li><a class=\"toc-level-2\" href=\"#环境准备\" level=\"2\">环境准备</a></li><li><a class=\"toc-level-2\" href=\"#集成配置步骤\" level=\"2\">集成配置步骤</a></li><li><a class=\"toc-level-2\" href=\"#Swagger 帮助手册\" level=\"2\">Swagger 帮助手册</a></li></ul></li><li><a class=\"toc-level-1\" href=\"#SpringMVC4 JSON日期格式化\" level=\"1\">SpringMVC4 JSON日期格式化</a><ul></ul></li></ul>','2022-05-14 01:58:57',0,456,4,'/test1/11.jpeg','admin'),(18,'666','666','2022-05-16 19:42:46',0,12,4,'/upload/12.jpeg','YR'),(19,'关于我半夜三更还在敲代码这件事','<p>敲代码真的会上瘾，根本停不下来，建议出台相关青年保护机制，控制青年敲代码的时间在合理健康范围内。</p>','2022-05-17 03:16:33',0,99,1,'/test1/14.jpeg','YR'),(20,'WWW','<p>WWW</p>','2022-05-17 00:59:15',0,0,6,'/test1/15.jpeg','WWWW'),(23,'WWW','<p>www</p>','2022-05-17 01:04:06',0,0,6,'/test1/9.jpeg','WWWW'),(27,'WWW','<p>WWW</p>','2022-05-17 01:06:20',1,8,5,'/test1/15.jpeg','admin'),(28,'WW','<p>WWW</p>','2022-05-17 01:07:15',0,5,2,'/test1/3.jpeg','admin'),(29,'关于前后端互相甩锅这件事','<p>不规范的小项目前后端对接是真痛苦</p>','2022-05-17 02:03:11',0,6,6,'/test1/12.jpeg','YR'),(34,'前后端开发一定要写好接口规范！！！','<p>血泪的教训，555~</p><p>如果一个人打全栈当我没说</p>','2022-05-17 02:03:32',1,15,6,'/upload/2.jpeg','YR'),(35,'关于我是个天才这件事','<p>我是个天才，哈哈哈</p>','2022-05-17 06:43:02',0,4,6,'/upload/12.jpeg','xy12'),(36,'测试1234','<p>.、。、。、</p>','2022-05-18 16:35:17',0,1,2,'/upload/e6d0e59a4957f48196321f59cc941374.jpeg','rj'),(37,'00','<p>000</p>','2022-05-18 17:45:29',0,0,6,'/upload/130e08f71667a17f5165e6bef25aacc0.jpg','YR'),(38,'1212','<p>3333</p>','2022-05-18 18:16:45',1,0,2,NULL,'YR');
/*!40000 ALTER TABLE `article` ENABLE KEYS */;
UNLOCK TABLES;

--
-- Table structure for table `category`
--

DROP TABLE IF EXISTS `category`;
/*!40101 SET @saved_cs_client     = @@character_set_client */;
/*!40101 SET character_set_client = utf8 */;
CREATE TABLE `category` (
  `id` int(11) NOT NULL AUTO_INCREMENT COMMENT '编号',
  `name` varchar(50) COLLATE utf8_unicode_ci NOT NULL COMMENT '类目名称',
  `index` int(11) NOT NULL DEFAULT '0' COMMENT '排序，值越大越靠前',
  PRIMARY KEY (`id`)
) ENGINE=InnoDB AUTO_INCREMENT=7 DEFAULT CHARSET=utf8 COLLATE=utf8_unicode_ci COMMENT='文章导航表';
/*!40101 SET character_set_client = @saved_cs_client */;

--
-- Dumping data for table `category`
--

LOCK TABLES `category` WRITE;
/*!40000 ALTER TABLE `category` DISABLE KEYS */;
INSERT INTO `category` VALUES (1,'WEB前端',3),(2,'PHP',2),(3,'NodeJS',1),(4,'Java',0),(5,'c++',4),(6,'测试',5);
/*!40000 ALTER TABLE `category` ENABLE KEYS */;
UNLOCK TABLES;

--
-- Table structure for table `comment`
--

DROP TABLE IF EXISTS `comment`;
/*!40101 SET @saved_cs_client     = @@character_set_client */;
/*!40101 SET character_set_client = utf8 */;
CREATE TABLE `comment` (
  `CID` int(10) unsigned NOT NULL AUTO_INCREMENT COMMENT '评论ID',
  `FID` int(10) unsigned DEFAULT NULL COMMENT '父评论ID',
  `ctime` timestamp NOT NULL DEFAULT CURRENT_TIMESTAMP ON UPDATE CURRENT_TIMESTAMP,
  `user_id` int(11) NOT NULL,
  `article_id` int(11) NOT NULL,
  `ctxt` longtext NOT NULL,
  `Rid` int(10) unsigned DEFAULT NULL COMMENT '根id',
  `ridr` tinyint(4) DEFAULT '1',
  PRIMARY KEY (`CID`),
  KEY `comment_FK` (`article_id`),
  KEY `comment_FK_1` (`user_id`),
  CONSTRAINT `comment_FK` FOREIGN KEY (`article_id`) REFERENCES `article` (`id`) ON DELETE CASCADE ON UPDATE CASCADE,
  CONSTRAINT `comment_FK_1` FOREIGN KEY (`user_id`) REFERENCES `user` (`id`) ON DELETE CASCADE ON UPDATE CASCADE
) ENGINE=InnoDB AUTO_INCREMENT=172 DEFAULT CHARSET=utf8 COMMENT='文章评论';
/*!40101 SET character_set_client = @saved_cs_client */;

--
-- Dumping data for table `comment`
--

LOCK TABLES `comment` WRITE;
/*!40000 ALTER TABLE `comment` DISABLE KEYS */;
INSERT INTO `comment` VALUES (30,29,'2020-12-10 16:01:00',2,4,'确实',29,1),(31,29,'2020-12-10 16:02:00',3,4,'确实',29,1),(32,31,'2020-12-10 16:03:00',4,4,'雀食',29,1),(35,33,'2020-12-10 16:00:45',23,4,'雀食',33,1),(47,47,'2020-12-10 16:05:00',24,5,'78979',47,1),(48,48,'2020-12-10 17:00:00',1,5,'78957',48,1),(101,101,'2022-05-15 13:06:43',41,2,'WWWWW',101,1),(102,102,'2022-05-15 13:06:45',41,2,'WWWWW',102,1),(103,103,'2022-05-15 13:06:45',41,2,'WWWWW',103,1),(104,104,'2022-05-15 13:06:46',41,2,'WWWWW',104,1),(105,105,'2022-05-15 13:06:46',41,2,'WWWWW',105,1),(106,106,'2022-05-15 13:07:07',41,2,'WWWWW',106,1),(107,107,'2022-05-15 13:08:01',41,2,'WWWWW',107,1),(108,108,'2022-05-15 13:08:14',41,2,'WWWWW',108,1),(109,101,'2022-05-15 13:08:21',41,2,'WWWWW',101,0),(110,110,'2022-05-15 13:10:28',41,2,'',110,1),(111,111,'2022-05-15 13:10:31',41,2,'www',111,1),(112,112,'2022-05-15 13:10:32',41,2,'www',112,1),(113,113,'2022-05-15 13:11:50',41,2,'www',113,1),(114,114,'2022-05-15 13:11:54',41,2,'www',114,1),(115,115,'2022-05-15 13:12:46',41,2,'WWWW',115,1),(116,116,'2022-05-15 13:12:48',41,2,'WWWW',116,1),(117,117,'2022-05-15 13:12:48',41,2,'WWWW',117,1),(118,118,'2022-05-15 13:12:58',41,2,'WWWWWWWWEQEQQE',118,1),(133,133,'2022-05-17 01:59:13',41,34,'WWW',133,1),(134,134,'2022-05-17 01:59:17',41,34,'WWW',134,1),(136,136,'2022-05-17 01:59:43',41,34,'WWW',136,1),(137,137,'2022-05-17 02:02:01',4,29,'确实',137,1),(138,138,'2022-05-17 02:03:16',41,34,'WWW',138,1),(139,130,'2022-05-17 02:03:32',41,34,'WWWW',130,0),(143,142,'2022-05-17 03:06:33',4,19,'www，说多了都是泪',142,0),(144,143,'2022-05-17 05:06:49',41,19,'小丑',142,0),(145,142,'2022-05-17 06:41:12',5,19,'小丑',142,0),(147,146,'2022-05-17 17:32:43',4,34,'0202',132,0),(149,149,'2022-05-18 08:00:41',5,2,'',149,1),(150,150,'2022-05-18 08:00:53',5,2,'',150,1),(151,151,'2022-05-18 08:01:10',5,8,'啥',151,1),(152,152,'2022-05-18 08:01:19',5,8,'',152,1),(153,153,'2022-05-18 08:03:27',5,8,'',153,1),(154,152,'2022-05-18 08:07:26',1,8,'管理员子子评论',152,0),(155,155,'2022-05-18 08:09:37',1,27,'sha',155,1),(156,155,'2022-05-18 08:09:44',1,27,'kllklklkk',155,0),(157,157,'2022-05-18 08:10:50',4,28,'454545',157,1),(158,157,'2022-05-18 08:10:55',4,28,'2424242',157,0),(159,153,'2022-05-18 08:11:14',5,8,'我是用户',153,0),(160,160,'2022-05-18 08:11:48',5,8,'',160,1),(161,161,'2022-05-18 08:13:27',5,8,'',161,1),(162,159,'2022-05-18 08:13:47',5,8,'我是用户子子评论',153,0),(163,163,'2022-05-18 16:12:00',122,8,'123',163,1),(164,164,'2022-05-18 16:12:27',122,8,'',164,1),(165,165,'2022-05-18 16:19:14',4,19,'',165,1),(166,166,'2022-05-18 16:19:27',4,19,'',166,1),(167,167,'2022-05-18 16:19:27',4,19,'',167,1),(168,168,'2022-05-18 16:22:33',4,4,'你好',168,1),(169,34,'2022-05-18 16:22:44',4,4,'确实',29,0),(170,163,'2022-05-18 16:33:48',128,8,'你好',163,0),(171,171,'2022-05-18 16:34:02',128,8,'写的不错',171,1);
/*!40000 ALTER TABLE `comment` ENABLE KEYS */;
UNLOCK TABLES;

--
-- Temporary table structure for view `comments_view`
--

DROP TABLE IF EXISTS `comments_view`;
/*!50001 DROP VIEW IF EXISTS `comments_view`*/;
SET @saved_cs_client     = @@character_set_client;
SET character_set_client = utf8;
/*!50001 CREATE VIEW `comments_view` AS SELECT 
 1 AS `CID`,
 1 AS `article_id`,
 1 AS `Fid`,
 1 AS `Ctxt`,
 1 AS `Rid`,
 1 AS `Uid`,
 1 AS `RUid`,
 1 AS `Uname`,
 1 AS `RUname`,
 1 AS `Ctime`,
 1 AS `Rtime`*/;
SET character_set_client = @saved_cs_client;

--
-- Table structure for table `log`
--

DROP TABLE IF EXISTS `log`;
/*!40101 SET @saved_cs_client     = @@character_set_client */;
/*!40101 SET character_set_client = utf8 */;
CREATE TABLE `log` (
  `id` int(11) NOT NULL AUTO_INCREMENT COMMENT '编号',
  `handle` varchar(50) COLLATE utf8_unicode_ci NOT NULL COMMENT '操作内容',
  `time` timestamp NOT NULL DEFAULT CURRENT_TIMESTAMP ON UPDATE CURRENT_TIMESTAMP COMMENT '操作时间',
  `ip` varchar(30) COLLATE utf8_unicode_ci DEFAULT NULL COMMENT '来源IP',
  `username` varchar(100) COLLATE utf8_unicode_ci DEFAULT NULL,
  PRIMARY KEY (`id`),
  KEY `log_FK` (`username`),
  CONSTRAINT `log_FK` FOREIGN KEY (`username`) REFERENCES `user` (`username`) ON DELETE CASCADE ON UPDATE CASCADE
) ENGINE=InnoDB AUTO_INCREMENT=262 DEFAULT CHARSET=utf8 COLLATE=utf8_unicode_ci COMMENT='日志表';
/*!40101 SET character_set_client = @saved_cs_client */;

--
-- Dumping data for table `log`
--

LOCK TABLES `log` WRITE;
/*!40000 ALTER TABLE `log` DISABLE KEYS */;
INSERT INTO `log` VALUES (12,'登录','2022-05-16 18:44:26','117.21.5.13','admin'),(13,'登录','2022-05-16 18:44:26','183.217.152.92','admin'),(14,'登录','2022-05-16 18:44:26','183.217.152.92','admin'),(15,'登录','2022-05-16 18:44:26','183.217.152.92','admin'),(16,'登录','2022-05-16 18:44:26','117.40.111.188','admin'),(17,'登录','2022-05-16 18:44:26','183.217.152.92','admin'),(18,'登录','2022-05-16 18:44:26','183.217.152.92','admin'),(19,'登录','2022-05-16 18:44:26','183.217.152.92','admin'),(20,'登录','2022-05-16 18:44:26','171.34.139.143','admin'),(21,'登录','2022-05-16 18:44:26','171.34.139.143','admin'),(22,'登录','2022-05-16 18:44:26','183.217.24.140','admin'),(23,'登录','2022-05-16 18:44:26','183.217.24.140','admin'),(24,'登录','2022-05-16 18:44:26','183.217.24.140','admin'),(25,'登录','2022-05-16 18:44:26','117.40.111.188','admin'),(26,'登录','2022-05-16 18:44:26','183.217.24.140','admin'),(27,'登录','2022-05-16 18:44:26','117.40.111.65','admin'),(28,'登录','2022-05-16 18:44:26','183.217.29.166','admin'),(29,'登录','2022-05-16 18:44:26','171.34.139.143','admin'),(30,'注册','2022-05-16 18:44:26','171.34.139.143','admin'),(31,'注册','2022-05-16 18:44:26','171.34.139.143','admin'),(32,'登录','2022-05-16 18:44:26','171.34.139.143','admin'),(33,'登录','2022-05-16 18:44:26','171.34.139.143','admin'),(34,'登录','2022-05-16 18:44:26','183.217.29.166','admin'),(35,'登录','2022-05-16 18:44:26','183.217.29.166','admin'),(36,'登录','2022-05-16 18:44:26','183.217.29.166','admin'),(37,'登录','2022-05-16 18:44:26','171.34.139.143','admin'),(38,'登录','2022-05-16 18:44:26','171.34.139.143','admin'),(39,'登录','2022-05-16 18:44:26','117.40.111.65','admin'),(40,'登录','2022-05-16 18:44:26','171.34.139.143','admin'),(41,'登录','2022-05-16 18:44:26','117.40.111.65','admin'),(42,'登录','2022-05-16 18:44:26','183.217.29.166','admin'),(43,'登录','2022-05-16 18:44:26','118.212.191.17','admin'),(44,'登录','2022-05-16 18:44:26','117.40.111.65','admin'),(45,'登录','2022-05-16 18:44:26','171.34.139.143','admin'),(46,'登录','2022-05-16 18:44:26','117.40.111.65','admin'),(47,'登录','2022-05-16 18:44:26','117.40.111.65','admin'),(48,'登录','2022-05-16 18:44:26','117.40.111.65','admin'),(49,'登录','2022-05-16 18:44:26','117.40.111.65','admin'),(50,'注册','2022-05-16 18:44:26','120.203.25.245','admin'),(51,'登录','2022-05-16 18:44:26','120.203.25.245','admin'),(52,'登录','2022-05-16 18:44:26','117.40.111.65','admin'),(53,'登录','2022-05-16 18:44:26','117.40.111.65','admin'),(54,'注册','2022-05-16 18:44:26','223.104.170.140','admin'),(55,'注册','2022-05-16 18:44:26','223.104.170.140','admin'),(56,'注册','2022-05-16 18:44:26','223.104.170.140','admin'),(57,'登录','2022-05-16 18:44:26','183.217.24.14','admin'),(58,'登录','2022-05-16 18:44:26','183.217.24.14','admin'),(59,'登录','2022-05-16 18:44:26','117.21.39.66','admin'),(60,'登录','2022-05-16 18:44:26','117.21.39.66','admin'),(61,'登录','2022-05-16 18:44:26','183.217.29.189','admin'),(62,'登录','2022-05-16 18:44:26','183.217.29.189','admin'),(63,'登录','2022-05-16 18:44:26','183.217.29.189','admin'),(64,'登录','2022-05-16 18:44:26','117.21.39.66','admin'),(65,'登录','2022-05-16 18:44:26','183.217.29.189','admin'),(66,'登录','2022-05-16 18:44:26','117.21.39.66','admin'),(67,'登录','2022-05-16 18:44:26','117.21.39.66','admin'),(68,'登录','2022-05-16 18:44:26','117.21.39.66','admin'),(69,'登录','2022-05-16 18:44:26','117.21.39.66','admin'),(70,'登录','2022-05-16 18:44:26','117.21.39.66','admin'),(71,'登录','2022-05-16 18:44:26','117.21.39.66','admin'),(72,'登录','2022-05-16 18:44:26','183.217.29.189','admin'),(73,'登录','2022-05-16 18:44:26','183.217.29.189','admin'),(74,'登录','2022-05-16 18:44:26','183.217.29.189','admin'),(75,'登录','2022-05-16 18:44:26','117.21.39.66','admin'),(76,'登录','2022-05-16 18:44:26','117.21.39.66','admin'),(77,'登录','2022-05-16 18:44:26','223.104.170.140','admin'),(78,'登录','2022-05-16 18:44:26','183.217.29.189','admin'),(79,'登录','2022-05-16 18:44:26','183.217.29.189','admin'),(80,'登录','2022-05-16 18:44:26','183.217.29.189','admin'),(81,'登录','2022-05-16 18:44:26','117.21.39.66','admin'),(82,'登录','2022-05-16 18:44:26','223.104.170.140','admin'),(83,'登录','2022-05-16 18:44:26','117.21.39.66','admin'),(84,'登录','2022-05-16 18:44:26','223.104.170.140','admin'),(85,'登录','2022-05-16 18:44:26','117.21.39.66','admin'),(86,'登录','2022-05-16 18:44:26','117.21.39.66','admin'),(87,'登录','2022-05-16 18:44:26','117.21.39.66','admin'),(88,'登录','2022-05-16 18:44:26','117.21.39.66','admin'),(89,'登录','2022-05-16 18:44:26','117.21.39.66','admin'),(90,'登录','2022-05-16 18:44:26','117.21.39.66','admin'),(91,'登录','2022-05-16 18:44:26','117.21.39.66','admin'),(92,'登录','2022-05-16 18:44:26','117.21.39.66','admin'),(93,'登录','2022-05-16 18:44:26','223.104.170.140','admin'),(94,'登录','2022-05-16 18:44:26','117.21.39.66','admin'),(95,'登录','2022-05-16 18:44:26','183.217.153.70','admin'),(96,'登录','2022-05-16 18:44:26','183.217.153.70','admin'),(97,'登录','2022-05-16 18:44:26','183.217.153.70','admin'),(98,'登录','2022-05-16 18:44:26','183.217.153.70','admin'),(99,'登录','2022-05-16 18:44:26','117.21.39.66','admin'),(100,'登录','2022-05-16 18:44:26','223.104.170.140','admin'),(101,'登录','2022-05-16 18:44:26','117.21.39.66','admin'),(102,'登录','2022-05-16 18:44:26','117.21.39.66','admin'),(103,'登录','2022-05-16 18:44:26','183.217.25.196','admin'),(104,'登录','2022-05-16 18:44:26','183.217.25.196','admin'),(105,'登录','2022-05-16 18:44:26','183.217.25.196','admin'),(106,'登录','2022-05-16 18:44:26','117.21.39.66','admin'),(107,'登录','2022-05-16 18:44:26','117.21.5.13','admin'),(108,'登录','2022-05-16 18:44:26','183.217.25.196','admin'),(109,'登录','2022-05-16 18:44:26','183.217.25.196','admin'),(110,'登录','2022-05-16 18:44:26','117.21.39.66','admin'),(111,'登录','2022-05-16 18:44:26','117.21.39.66','admin'),(112,'登录','2022-05-16 18:44:26','117.21.39.66','admin'),(113,'登录','2022-05-16 18:44:26','117.21.39.66','admin'),(114,'登录','2022-05-16 18:44:26','183.217.25.196','admin'),(115,'登录','2022-05-16 18:44:26','183.217.25.196','admin'),(116,'登录','2022-05-16 18:44:26','183.217.25.196','admin'),(117,'登录','2022-05-16 18:44:26','183.217.25.196','admin'),(118,'登录','2022-05-16 18:44:26','117.21.39.66','admin'),(119,'登录','2022-05-16 18:44:26','117.21.5.13','admin'),(120,'登录','2022-05-16 18:44:26','117.21.5.13','admin'),(121,'登录','2022-05-16 18:44:26','117.40.111.224','admin'),(122,'登录','2022-05-16 18:44:26','117.21.5.13','admin'),(123,'登录','2022-05-16 18:44:26','117.40.111.224','admin'),(124,'登录','2022-05-16 18:44:26','117.40.111.224','admin'),(125,'登录','2022-05-16 18:44:26','117.21.5.13','admin'),(126,'登录','2022-05-16 18:44:26','117.40.111.224','admin'),(127,'登录','2022-05-16 18:44:26','117.21.5.13','admin'),(128,'登录','2022-05-16 18:44:26','223.104.170.140','admin'),(129,'登录','2022-05-16 18:44:26','223.104.170.140','admin'),(130,'登录','2022-05-16 18:44:26','223.104.170.140','admin'),(131,'登录','2022-05-16 18:44:26','223.104.170.140','admin'),(132,'登录','2022-05-16 18:44:26','117.21.5.13','admin'),(133,'登录','2022-05-16 18:44:26','117.21.5.13','admin'),(134,'登录','2022-05-16 18:44:26','117.21.5.13','admin'),(135,'注册','2022-05-16 19:01:38','117.21.5.13','as'),(136,'登录','2022-05-17 00:48:57','117.40.111.157','WWWW'),(137,'登录','2022-05-17 00:49:22','117.21.5.13','YR'),(138,'登录','2022-05-17 01:06:10','117.40.111.157','admin'),(139,'登录','2022-05-17 01:12:11','117.21.5.13','YR'),(140,'登录','2022-05-17 01:14:52','117.21.5.13','YR'),(141,'登录','2022-05-17 01:17:04','117.21.5.13','YR'),(142,'登录','2022-05-17 01:20:27','117.40.111.157','WWWW'),(143,'发布文章','2022-05-17 01:34:21','117.40.111.157','WWWW'),(144,'发布文章','2022-05-17 01:34:41','117.40.111.157','WWWW'),(145,'发布文章','2022-05-17 01:36:01','117.21.5.13','YR'),(146,'发表评论','2022-05-17 01:57:21','117.40.111.157','WWWW'),(147,'发表评论','2022-05-17 01:57:26','117.40.111.157','WWWW'),(148,'发表评论','2022-05-17 01:57:30','117.40.111.157','WWWW'),(149,'发表评论','2022-05-17 01:57:30','117.40.111.157','WWWW'),(150,'发表评论','2022-05-17 01:57:30','117.40.111.157','WWWW'),(151,'发表评论','2022-05-17 01:57:31','117.40.111.157','WWWW'),(152,'发表评论','2022-05-17 01:57:31','117.40.111.157','WWWW'),(153,'发表评论','2022-05-17 01:57:42','117.40.111.157','WWWW'),(154,'发表评论','2022-05-17 01:57:42','117.40.111.157','WWWW'),(155,'发表评论','2022-05-17 01:57:42','117.40.111.157','WWWW'),(156,'发表评论','2022-05-17 01:57:43','117.40.111.157','WWWW'),(157,'发表评论','2022-05-17 01:57:43','117.40.111.157','WWWW'),(158,'发表评论','2022-05-17 01:57:43','117.40.111.157','WWWW'),(159,'发表评论','2022-05-17 01:57:43','117.40.111.157','WWWW'),(160,'发表评论','2022-05-17 01:59:13','117.40.111.157','WWWW'),(161,'发表评论','2022-05-17 01:59:17','117.40.111.157','WWWW'),(162,'发表评论','2022-05-17 01:59:17','117.40.111.157','WWWW'),(163,'发表评论','2022-05-17 01:59:43','117.40.111.157','WWWW'),(164,'发表评论','2022-05-17 02:02:01','117.21.5.13','YR'),(165,'发表评论','2022-05-17 02:03:16','117.40.111.157','WWWW'),(166,'发表评论','2022-05-17 02:03:32','117.40.111.157','WWWW'),(167,'登录','2022-05-17 02:09:23','117.40.111.157','admin'),(168,'登录','2022-05-17 02:11:15','117.40.111.157','admin'),(169,'登录','2022-05-17 02:17:35','117.21.5.13','YR'),(170,'登录','2022-05-17 02:23:59','117.40.111.157','admin'),(171,'发表评论','2022-05-17 02:25:12','117.40.111.157','admin'),(172,'发表评论','2022-05-17 02:25:17','117.40.111.157','admin'),(173,'登录','2022-05-17 02:57:03','117.21.5.13','YR'),(174,'发表评论','2022-05-17 03:00:34','117.21.5.13','YR'),(175,'发表评论','2022-05-17 03:06:33','117.21.5.13','YR'),(176,'登录','2022-05-17 03:23:44','117.40.111.157','WWWW'),(177,'登录','2022-05-17 03:45:23','117.40.111.157','admin'),(178,'登录','2022-05-17 03:48:39','117.40.111.157','WWWW'),(179,'登录','2022-05-17 04:37:54','117.40.111.157','WWWW'),(180,'发表评论','2022-05-17 05:06:49','117.40.111.157','WWWW'),(181,'登录','2022-05-17 05:32:20','117.40.111.157','admin'),(182,'登录','2022-05-17 05:35:51','117.40.111.157','WWWW'),(183,'登录','2022-05-17 06:40:47','223.104.170.140','xy12'),(184,'发表评论','2022-05-17 06:41:12','223.104.170.140','xy12'),(185,'发布文章','2022-05-17 06:43:02','223.104.170.140','xy12'),(186,'登录','2022-05-17 06:44:50','223.104.170.140','admin'),(187,'登录','2022-05-17 07:24:25','117.40.111.157','admin'),(188,'登录','2022-05-17 07:24:38','117.40.111.157','admin'),(189,'登录','2022-05-17 07:32:57','117.40.111.157','WWWW'),(190,'登录','2022-05-17 07:47:59','117.21.5.13','YR'),(191,'登录','2022-05-17 07:53:06','117.21.5.13','YR'),(192,'登录','2022-05-17 08:04:45','117.21.5.13','YR'),(193,'登录','2022-05-17 08:14:17','117.21.5.13','YR'),(194,'登录','2022-05-17 08:51:09','117.21.5.13','YR'),(195,'登录','2022-05-17 11:37:48','117.21.5.13','YR'),(196,'登录','2022-05-17 12:13:49','117.40.111.157','WWWW'),(197,'登录','2022-05-17 12:14:13','117.40.111.157','admin'),(198,'登录','2022-05-17 12:14:57','117.40.111.157','WWWW'),(199,'登录','2022-05-17 14:03:17','117.21.5.13','YR'),(200,'发表评论','2022-05-17 17:32:23','223.104.170.140','YR'),(201,'发表评论','2022-05-17 17:32:43','223.104.170.140','YR'),(202,'登录','2022-05-18 02:12:04','117.21.5.13','YR'),(203,'登录','2022-05-18 02:57:07','223.104.10.90','YR'),(204,'登录','2022-05-18 07:21:50','223.104.10.90','YR'),(205,'登录','2022-05-18 07:49:16','223.104.10.90','admin'),(206,'发表评论','2022-05-18 07:52:41','223.104.10.90','admin'),(207,'登录','2022-05-18 08:00:24','183.217.28.80','xy12'),(208,'发表评论','2022-05-18 08:00:41','183.217.28.80','xy12'),(209,'发表评论','2022-05-18 08:00:53','183.217.28.80','xy12'),(210,'发表评论','2022-05-18 08:01:10','183.217.28.80','xy12'),(211,'发表评论','2022-05-18 08:01:19','183.217.28.80','xy12'),(212,'发表评论','2022-05-18 08:03:27','183.217.28.80','xy12'),(213,'登录','2022-05-18 08:06:58','183.217.28.80','admin'),(214,'发表评论','2022-05-18 08:07:26','183.217.28.80','admin'),(215,'登录','2022-05-18 08:09:10','117.40.111.82','WWWW'),(216,'发表评论','2022-05-18 08:09:37','223.104.10.90','admin'),(217,'发表评论','2022-05-18 08:09:44','223.104.10.90','admin'),(218,'登录','2022-05-18 08:10:31','183.217.28.80','xy12'),(219,'登录','2022-05-18 08:10:35','223.104.10.90','YR'),(220,'发表评论','2022-05-18 08:10:50','223.104.10.90','YR'),(221,'发表评论','2022-05-18 08:10:55','223.104.10.90','YR'),(222,'发表评论','2022-05-18 08:11:14','183.217.28.80','xy12'),(223,'发表评论','2022-05-18 08:11:48','183.217.28.80','xy12'),(224,'登录','2022-05-18 08:11:49','223.104.10.90','admin'),(225,'发表评论','2022-05-18 08:13:27','183.217.28.80','xy12'),(226,'发表评论','2022-05-18 08:13:47','183.217.28.80','xy12'),(227,'登录','2022-05-18 08:33:16','223.104.10.90','YR'),(228,'登录','2022-05-18 11:59:57','223.104.10.90','YR'),(229,'登录','2022-05-18 12:41:34','223.104.10.90','YR'),(230,'登录','2022-05-18 14:14:19','223.104.10.90','Yr'),(231,'登录','2022-05-18 14:38:10','223.104.10.90','YR'),(232,'登录','2022-05-18 15:10:33','223.104.10.90','admin'),(233,'登录','2022-05-18 15:22:52','223.104.10.90','YR'),(234,'登录','2022-05-18 15:36:08','223.104.10.90','test'),(235,'注册','2022-05-18 16:11:32','223.104.10.90','qw'),(236,'登录','2022-05-18 16:11:41','223.104.10.90','qw'),(237,'发表评论','2022-05-18 16:12:00','223.104.10.90','qw'),(238,'发表评论','2022-05-18 16:12:27','223.104.10.90','qw'),(239,'注册','2022-05-18 16:16:12','223.104.10.90','jilkl'),(240,'登录','2022-05-18 16:16:29','223.104.10.90','YR'),(241,'发表评论','2022-05-18 16:19:14','223.104.10.90','YR'),(242,'发表评论','2022-05-18 16:19:27','223.104.10.90','YR'),(243,'发表评论','2022-05-18 16:19:27','223.104.10.90','YR'),(244,'发表评论','2022-05-18 16:22:33','223.104.10.90','YR'),(245,'发表评论','2022-05-18 16:22:44','223.104.10.90','YR'),(246,'注册','2022-05-18 16:23:51','223.104.10.90','wq'),(247,'登录','2022-05-18 16:23:58','223.104.10.90','wq'),(248,'注册','2022-05-18 16:33:08','223.104.10.90','rj'),(249,'登录','2022-05-18 16:33:15','223.104.10.90','rj'),(250,'发表评论','2022-05-18 16:33:48','223.104.10.90','rj'),(251,'发表评论','2022-05-18 16:34:02','223.104.10.90','rj'),(252,'发布文章','2022-05-18 16:35:17','223.104.10.90','rj'),(253,'登录','2022-05-18 16:37:04','223.104.10.90','YR'),(254,'登录','2022-05-18 16:38:27','223.104.10.90','admin'),(255,'登录','2022-05-18 17:25:10','223.104.10.90','YR'),(256,'登录','2022-05-18 17:28:44','223.104.10.90','admin'),(257,'登录','2022-05-18 17:29:40','223.104.10.90','YR'),(258,'发布文章','2022-05-18 17:45:30','223.104.10.90','YR'),(259,'发布文章','2022-05-18 18:16:45','223.104.10.90','YR'),(260,'登录','2022-05-19 01:24:42','223.104.10.90','YR'),(261,'登录','2022-05-19 04:20:25','117.21.5.13','admin');
/*!40000 ALTER TABLE `log` ENABLE KEYS */;
UNLOCK TABLES;

--
-- Table structure for table `pv`
--

DROP TABLE IF EXISTS `pv`;
/*!40101 SET @saved_cs_client     = @@character_set_client */;
/*!40101 SET character_set_client = utf8 */;
CREATE TABLE `pv` (
  `id` int(11) NOT NULL AUTO_INCREMENT COMMENT '编号',
  `time` date NOT NULL COMMENT '日期',
  `hits` int(11) NOT NULL DEFAULT '0' COMMENT '点击量',
  PRIMARY KEY (`id`)
) ENGINE=InnoDB AUTO_INCREMENT=638 DEFAULT CHARSET=utf8 COLLATE=utf8_unicode_ci COMMENT='访问记录表';
/*!40101 SET character_set_client = @saved_cs_client */;

--
-- Dumping data for table `pv`
--

LOCK TABLES `pv` WRITE;
/*!40000 ALTER TABLE `pv` DISABLE KEYS */;
INSERT INTO `pv` VALUES (442,'2019-08-16',111),(443,'2019-08-17',53),(444,'2019-08-18',40),(445,'2019-08-19',108),(446,'2019-08-20',59),(447,'2019-08-21',73),(448,'2019-08-22',82),(449,'2019-08-23',81),(450,'2019-08-24',34),(451,'2019-08-25',25),(452,'2019-08-26',82),(453,'2019-08-27',81),(454,'2019-08-28',91),(455,'2019-08-29',64),(456,'2019-08-30',62),(457,'2019-08-31',22),(458,'2019-09-01',25),(459,'2019-09-02',79),(460,'2019-09-03',53),(461,'2019-09-04',63),(462,'2019-09-05',78),(463,'2019-09-06',70),(464,'2019-09-07',35),(465,'2019-09-08',45),(466,'2019-09-09',47),(467,'2019-09-10',116),(468,'2019-09-11',80),(469,'2019-09-12',42),(470,'2019-09-13',16),(471,'2019-09-14',36),(472,'2019-09-15',128),(473,'2019-09-16',109),(474,'2019-09-17',94),(475,'2019-09-18',126),(476,'2019-09-19',96),(477,'2019-09-20',174),(478,'2019-09-21',33),(479,'2019-09-22',24),(480,'2019-09-23',66),(481,'2019-09-24',76),(482,'2019-09-25',81),(483,'2019-09-26',62),(484,'2019-09-27',70),(485,'2019-09-28',30),(486,'2019-09-29',77),(487,'2019-09-30',69),(488,'2019-10-01',22),(489,'2019-10-02',19),(490,'2019-10-03',20),(491,'2019-10-04',10),(492,'2019-10-05',23),(493,'2019-10-06',25),(494,'2019-10-07',12),(495,'2019-10-08',47),(496,'2019-10-09',44),(497,'2019-10-10',29),(498,'2019-10-11',52),(499,'2019-10-12',29),(500,'2019-10-13',18),(501,'2019-10-14',32),(502,'2019-10-15',48),(503,'2019-10-16',45),(504,'2019-10-17',30),(505,'2019-10-18',39),(506,'2019-10-19',9),(507,'2019-10-20',9),(508,'2019-10-21',58),(509,'2019-10-22',19),(510,'2019-10-23',47),(511,'2019-10-24',46),(512,'2019-10-25',57),(513,'2019-10-26',15),(514,'2019-10-27',24),(515,'2019-10-28',47),(516,'2019-10-29',49),(517,'2019-10-30',69),(518,'2019-10-31',53),(519,'2019-11-01',58),(520,'2019-11-02',28),(521,'2019-11-03',6),(522,'2019-11-04',51),(523,'2019-11-05',33),(524,'2019-11-06',50),(525,'2019-11-07',47),(526,'2019-11-08',54),(527,'2019-11-09',17),(528,'2019-11-10',12),(529,'2019-11-11',72),(530,'2019-11-12',37),(531,'2019-11-13',52),(532,'2019-11-14',47),(533,'2019-11-15',52),(534,'2019-11-16',33),(535,'2019-11-17',29),(536,'2019-11-18',43),(537,'2019-11-19',44),(538,'2019-11-20',32),(539,'2019-11-21',25),(540,'2019-11-22',38),(541,'2019-11-23',22),(542,'2019-11-24',11),(543,'2019-11-25',25),(544,'2019-11-26',29),(545,'2019-11-27',36),(546,'2019-11-28',23),(547,'2019-11-29',25),(548,'2019-11-30',21),(549,'2019-12-01',8),(550,'2019-12-02',40),(551,'2019-12-03',24),(552,'2019-12-04',31),(553,'2019-12-05',26),(554,'2019-12-06',69),(555,'2019-12-07',29),(556,'2019-12-08',33),(557,'2019-12-09',48),(558,'2019-12-10',59),(559,'2019-12-11',39),(560,'2019-12-12',34),(561,'2019-12-13',55),(562,'2019-12-14',30),(563,'2019-12-15',22),(564,'2019-12-16',42),(565,'2019-12-17',54),(566,'2019-12-18',46),(567,'2019-12-19',49),(568,'2019-12-20',38),(569,'2019-12-21',38),(570,'2019-12-22',23),(571,'2019-12-23',29),(572,'2019-12-24',33),(573,'2019-12-25',51),(574,'2019-12-26',33),(575,'2019-12-27',40),(576,'2019-12-28',28),(577,'2019-12-29',31),(578,'2019-12-30',49),(579,'2019-12-31',39),(580,'2020-01-01',25),(581,'2020-01-02',45),(582,'2020-01-03',45),(583,'2020-01-04',42),(584,'2020-01-05',32),(585,'2020-01-06',66),(586,'2020-01-07',50),(587,'2020-01-08',34),(588,'2020-01-09',37),(589,'2020-01-10',24),(590,'2020-01-11',17),(591,'2020-01-12',9),(592,'2020-01-13',29),(593,'2020-01-14',24),(594,'2020-01-15',37),(595,'2020-01-16',23),(596,'2020-01-17',32),(597,'2020-01-18',35),(598,'2020-01-19',17),(599,'2020-01-20',13),(600,'2020-01-21',18),(601,'2020-01-22',6),(602,'2020-01-23',15),(603,'2020-01-24',14),(604,'2020-01-25',9),(605,'2020-01-26',12),(606,'2020-01-27',22),(607,'2020-01-28',15),(608,'2020-01-29',18),(609,'2020-01-30',7),(610,'2020-01-31',19),(611,'2020-02-01',19),(612,'2020-02-02',24),(613,'2020-02-03',19),(614,'2020-02-04',18),(615,'2020-02-05',19),(616,'2020-02-06',15),(617,'2020-02-07',10),(618,'2020-02-08',17),(619,'2020-02-09',15),(620,'2020-02-10',36),(621,'2020-02-11',30),(622,'2020-02-12',47),(623,'2020-02-13',58),(624,'2020-02-14',43),(625,'2020-02-15',38),(626,'2020-02-16',47),(627,'2020-02-17',46),(628,'2020-02-18',34),(629,'2020-02-19',45),(630,'2020-02-20',33),(631,'2020-02-21',59),(632,'2020-02-22',52),(633,'2020-02-23',45),(634,'2020-02-24',39),(635,'2020-02-25',39),(636,'2020-02-26',53),(637,'2020-02-27',1);
/*!40000 ALTER TABLE `pv` ENABLE KEYS */;
UNLOCK TABLES;

--
-- Table structure for table `tabs`
--

DROP TABLE IF EXISTS `tabs`;
/*!40101 SET @saved_cs_client     = @@character_set_client */;
/*!40101 SET character_set_client = utf8 */;
CREATE TABLE `tabs` (
  `id` int(11) NOT NULL AUTO_INCREMENT COMMENT '编号',
  `name` varchar(100) COLLATE utf8_unicode_ci NOT NULL COMMENT '标签名称',
  `article_id` int(11) NOT NULL COMMENT '所属文章编号',
  PRIMARY KEY (`id`),
  CONSTRAINT `tabs_FK` FOREIGN KEY (`id`) REFERENCES `article` (`id`) ON DELETE CASCADE ON UPDATE CASCADE
) ENGINE=InnoDB AUTO_INCREMENT=12 DEFAULT CHARSET=utf8 COLLATE=utf8_unicode_ci COMMENT='标签表';
/*!40101 SET character_set_client = @saved_cs_client */;

--
-- Dumping data for table `tabs`
--

LOCK TABLES `tabs` WRITE;
/*!40000 ALTER TABLE `tabs` DISABLE KEYS */;
INSERT INTO `tabs` VALUES (1,'JavaScript',1),(2,'web前端',1),(3,'JS脚本',1),(4,'CSS3',2),(5,'web前端',2),(6,'HTML5',3),(7,'web前端',3),(8,'日常',29),(9,'吐槽',29),(10,'吐槽',34),(11,'心得',34);
/*!40000 ALTER TABLE `tabs` ENABLE KEYS */;
UNLOCK TABLES;

--
-- Table structure for table `user`
--

DROP TABLE IF EXISTS `user`;
/*!40101 SET @saved_cs_client     = @@character_set_client */;
/*!40101 SET character_set_client = utf8 */;
CREATE TABLE `user` (
  `id` int(11) NOT NULL AUTO_INCREMENT COMMENT '编号',
  `username` varchar(100) COLLATE utf8_unicode_ci NOT NULL COMMENT '用户名',
  `password` varchar(100) COLLATE utf8_unicode_ci NOT NULL COMMENT '用户密码',
  `Uemail` varchar(64) COLLATE utf8_unicode_ci DEFAULT NULL,
  `Uimage` varchar(255) COLLATE utf8_unicode_ci DEFAULT '/home/ubuntu/myblog/test/static/背景图/688.jpg',
  `URtime` timestamp NULL DEFAULT NULL,
  `Ubirth` date DEFAULT NULL,
  `Uage` int(11) DEFAULT NULL,
  `Uphone` varchar(32) COLLATE utf8_unicode_ci DEFAULT NULL,
  PRIMARY KEY (`id`),
  UNIQUE KEY `uquser` (`username`),
  UNIQUE KEY `username` (`username`)
) ENGINE=InnoDB AUTO_INCREMENT=129 DEFAULT CHARSET=utf8 COLLATE=utf8_unicode_ci COMMENT='用户表';
/*!40101 SET character_set_client = @saved_cs_client */;

--
-- Dumping data for table `user`
--

LOCK TABLES `user` WRITE;
/*!40000 ALTER TABLE `user` DISABLE KEYS */;
INSERT INTO `user` VALUES (1,'admin','123456',NULL,'/背景图/687.jpg',NULL,NULL,NULL,NULL),(2,'zhangsan','123456',NULL,'/背景图/687.jpg',NULL,NULL,NULL,NULL),(3,'lisi','0000',NULL,'/背景图/687.jpg',NULL,NULL,NULL,NULL),(4,'YR','qwerty','21216017@qq.com','/背景图/687.jpg',NULL,NULL,NULL,''),(5,'xy12','qwer1',NULL,'/home/ubuntu/myblog/test/static/背景图/687.jpg',NULL,NULL,NULL,NULL),(23,'WWW','WWWW',NULL,'/home/ubuntu/myblog/test/static/背景图/687.jpg',NULL,NULL,NULL,NULL),(24,'22222','123456',NULL,'/home/ubuntu/myblog/test/static/背景图/687.jpg',NULL,NULL,NULL,NULL),(25,'22226465','22',NULL,'/home/ubuntu/myblog/test/static/背景图/687.jpg',NULL,NULL,NULL,NULL),(26,'0099','2222',NULL,'/home/ubuntu/myblog/test/static/背景图/687.jpg',NULL,NULL,NULL,NULL),(28,'WWWWW','WWWW',NULL,'/home/ubuntu/myblog/test/static/背景图/687.jpg',NULL,NULL,NULL,NULL),(41,'WWWW','WWWWW',NULL,'/home/ubuntu/myblog/test/static/背景图/687.jpg',NULL,NULL,NULL,NULL),(56,'66666','111',NULL,'/home/ubuntu/myblog/test/static/背景图/687.jpg',NULL,NULL,NULL,NULL),(57,'WWWWWW','WWW',NULL,'/home/ubuntu/myblog/test/static/背景图/687.jpg',NULL,NULL,NULL,NULL),(62,'WWWWWWWWWW','WWW',NULL,'/home/ubuntu/myblog/test/static/背景图/687.jpg',NULL,NULL,NULL,NULL),(64,'1123','23423423',NULL,'/home/ubuntu/myblog/test/static/背景图/687.jpg',NULL,NULL,NULL,NULL),(65,'112322','www',NULL,'/home/ubuntu/myblog/test/static/背景图/687.jpg',NULL,NULL,NULL,NULL),(68,'123445','123345',NULL,'/home/ubuntu/myblog/test/static/背景图/687.jpg',NULL,NULL,NULL,NULL),(69,'YYY','123',NULL,'/home/ubuntu/myblog/test/static/背景图/687.jpg',NULL,NULL,NULL,NULL),(73,'3333','022',NULL,'/home/ubuntu/myblog/test/static/背景图/687.jpg',NULL,NULL,NULL,NULL),(75,'lll','123',NULL,'/home/ubuntu/myblog/test/static/背景图/687.jpg',NULL,NULL,NULL,NULL),(91,'test001','333',NULL,'/home/ubuntu/myblog/test/static/背景图/687.jpg',NULL,NULL,NULL,NULL),(94,'undefined','undefined',NULL,'/home/ubuntu/myblog/test/static/背景图/687.jpg',NULL,NULL,NULL,NULL),(95,'sdf','555',NULL,'/home/ubuntu/myblog/test/static/背景图/687.jpg',NULL,NULL,NULL,NULL),(96,'666ss','sss',NULL,'/home/ubuntu/myblog/test/static/背景图/687.jpg',NULL,NULL,NULL,NULL),(98,'ssgh','lll',NULL,'/home/ubuntu/myblog/test/static/背景图/687.jpg',NULL,NULL,3,'1458769582'),(110,'test','12345','1592634789@163.com','/home/ubuntu/myblog/test/static/背景图/687.jpg',NULL,'2002-05-23',6,'1478596235'),(111,'lh','147258','1458967854@163.com','/home/ubuntu/myblog/test/static/背景图/688.jpg',NULL,'2002-04-13',2,'1478596425'),(118,'lkx','148596',NULL,'/home/ubuntu/myblog/test/static/背景图/688.jpg',NULL,NULL,NULL,NULL),(119,'qwer','qazxc',NULL,'/home/ubuntu/myblog/test/static/背景图/688.jpg',NULL,NULL,NULL,NULL),(120,'as','qazxc',NULL,'/home/ubuntu/myblog/test/static/背景图/688.jpg',NULL,NULL,NULL,NULL),(122,'qw','123456',NULL,'/home/ubuntu/myblog/test/static/背景图/688.jpg',NULL,NULL,NULL,NULL),(124,'jilkl','123456',NULL,'/home/ubuntu/myblog/test/static/背景图/688.jpg',NULL,NULL,NULL,NULL),(126,'wq','123456',NULL,'/home/ubuntu/myblog/test/static/背景图/688.jpg',NULL,NULL,NULL,NULL),(128,'rj','123456',NULL,'/home/ubuntu/myblog/test/static/背景图/688.jpg',NULL,NULL,NULL,'101012');
/*!40000 ALTER TABLE `user` ENABLE KEYS */;
UNLOCK TABLES;

--
-- Dumping routines for database 'blog'
--

--
-- Final view structure for view `comments_view`
--

/*!50001 DROP VIEW IF EXISTS `comments_view`*/;
/*!50001 SET @saved_cs_client          = @@character_set_client */;
/*!50001 SET @saved_cs_results         = @@character_set_results */;
/*!50001 SET @saved_col_connection     = @@collation_connection */;
/*!50001 SET character_set_client      = utf8 */;
/*!50001 SET character_set_results     = utf8 */;
/*!50001 SET collation_connection      = utf8_general_ci */;
/*!50001 CREATE ALGORITHM=UNDEFINED */
/*!50013 DEFINER=`root`@`%` SQL SECURITY DEFINER */
/*!50001 VIEW `comments_view` AS select `a`.`CID` AS `CID`,`a`.`article_id` AS `article_id`,`a`.`FID` AS `Fid`,`a`.`ctxt` AS `Ctxt`,`a`.`Rid` AS `Rid`,`a`.`user_id` AS `Uid`,`c`.`user_id` AS `RUid`,`d`.`username` AS `Uname`,`e`.`username` AS `RUname`,`a`.`ctime` AS `Ctime`,`f`.`ctime` AS `Rtime` from (((((`comment` `a` join `article` `b`) join `comment` `c`) join `user` `d`) join `user` `e`) join `comment` `f`) where ((`a`.`article_id` = `b`.`id`) and (`a`.`FID` = `c`.`CID`) and (`d`.`id` = `a`.`user_id`) and (`e`.`id` = `c`.`user_id`) and (`f`.`CID` = `a`.`Rid`)) order by `b`.`time` desc */;
/*!50001 SET character_set_client      = @saved_cs_client */;
/*!50001 SET character_set_results     = @saved_cs_results */;
/*!50001 SET collation_connection      = @saved_col_connection */;
/*!40103 SET TIME_ZONE=@OLD_TIME_ZONE */;

/*!40101 SET SQL_MODE=@OLD_SQL_MODE */;
/*!40014 SET FOREIGN_KEY_CHECKS=@OLD_FOREIGN_KEY_CHECKS */;
/*!40014 SET UNIQUE_CHECKS=@OLD_UNIQUE_CHECKS */;
/*!40101 SET CHARACTER_SET_CLIENT=@OLD_CHARACTER_SET_CLIENT */;
/*!40101 SET CHARACTER_SET_RESULTS=@OLD_CHARACTER_SET_RESULTS */;
/*!40101 SET COLLATION_CONNECTION=@OLD_COLLATION_CONNECTION */;
/*!40111 SET SQL_NOTES=@OLD_SQL_NOTES */;

-- Dump completed on 2022-10-11 11:48:01
